Name,Country
رواء الموركة,Arabic 
نشوة الشامي,Arabic 
الدكتورة يسرى أفغاني,Arabic 
سنام الزرقان,Arabic 
المهندسة ليان القواسم,Arabic 
تمّام العارف,Arabic 
باسمة الشرفاء,Arabic 
السيد مأمون عذرة,Arabic 
الأستاذ يزيد الترجمان الصالح,Arabic 
ابتسام صيداوي,Arabic 
ظهير عامر بن صعصعة,Arabic 
كافور عضل,Arabic 
الدكتور زكي الحسيني,Arabic 
المهندس سلطان عبده,Arabic 
الأستاذة نغم القاعي,Arabic 
بيسان ابو الحاج,Arabic 
شادن النمر,Arabic 
السيدة هند العوازم,Arabic 
رضوان السهول,Arabic 
فاضل القطب,Arabic 
ليساء قيس عيلان,Arabic 
عدنان نهد,Arabic 
الآنسة ليان القواسم,Arabic 
وفاء المفتي,Arabic 
السيد مَسعد درويش,Arabic 
وجدي غوشة,Arabic 
مُخيمر بنو زيد,Arabic 
الدكتورة جودي جرهم,Arabic 
المهندس معين الشامي,Arabic 
الأستاذ علم الدّين الأزد,Arabic 
الدكتور مهيب الألجاوي,Arabic 
الأستاذة وصاف النشاشيبي,Arabic 
وصفي السادة الراويون,Arabic 
الأستاذة دانة باهلة,Arabic 
السيدة لاما بنو الأسمر,Arabic 
الآنسة أروى مزرعاني,Arabic 
حياة الشايقية,Arabic 
المهندس ناصر الدّين الكثيري,Arabic 
الآنسة أجوان العفيفي,Arabic 
المهندس تميم الشامي,Arabic 
ناهد بو مدين,Arabic 
ريفال الدقاق,Arabic 
ديمه الفتياني,Arabic 
آيات عكاوي,Arabic 
المهندس مروان عجرمة (العجارمة),Arabic 
المهندسة جهراء ارناؤوط,Arabic 
الأستاذ راتب بدرية,Arabic 
مطاوع الترجمان الصالح,Arabic 
فيّاض ابو الحاج,Arabic 
سهيل طقش,Arabic 
الأستاذ عزاز بني رشيد,Arabic 
نوّار ثقيف,Arabic 
الأستاذ عبد القادر بنو ذي أصبح,Arabic 
المهندسة أريج درويش,Arabic 
ريان عنزة,Arabic 
السيدة هدى الكواهلة,Arabic 
خاطر ميرفاب,Arabic 
عامر مزينة,Arabic 
الأستاذة تالا الداودي,Arabic 
عالية البغدادي,Arabic 
الأستاذ نائل الدجاني,Arabic 
السيد زيدان عويضة,Arabic 
فتوح القرجولي,Arabic 
فادي الحواش,Arabic 
تالا عجرمة (العجارمة),Arabic 
كوثر بنو هاشم,Arabic 
منسي الترجمان الصالح,Arabic 
الدكتور قنوع طسم,Arabic 
السيد وحيد صيام,Arabic 
سبأ شويفاتي,Arabic 
المهندسة بهية الشرفاء,Arabic 
عبد القدّوس الهدمي,Arabic 
الأستاذ عفيف عجرمة (العجارمة),Arabic 
جمان مرازيق البقوم,Arabic 
مُسعف بنو ذي أصبح,Arabic 
الدكتورة فرات الشهابي,Arabic 
السيد كليم بنو فراس,Arabic 
الآنسة بلقيس تغلب بن وائل,Arabic 
بشري خزاعة,Arabic 
كاملة الدجاني,Arabic 
الأستاذة لوليا خولان,Arabic 
هنادي بلي,Arabic 
الدكتور فلاح سرندح,Arabic 
مُتيّم بنو أمية,Arabic 
المهندس نادي بنو شعبة,Arabic 
الدكتورة بلقيس زحيكة,Arabic 
الدكتور رئيس بكيل,Arabic 
الدكتورة سلسبيل زحلاوي,Arabic 
المهندسة هدى الخزرج,Arabic 
أناهيد عنس,Arabic 
المهندس عبد الشّكور الحكم بن سعد العشيرة,Arabic 
الأستاذ عفيف حمير,Arabic 
علّام مرازيق البقوم,Arabic 
الدكتورة شهد متني,Arabic 
السيدة زكية بلقرن,Arabic 
الأستاذ حيّان هذيل,Arabic 
اعتماد ابو السعود,Arabic 
ليم الرباب,Arabic 
ميثاق حميضة,Arabic 
مازن الألجاوي,Arabic 
الأستاذة لوجين جار الله,Arabic 
ضرغام عذرة,Arabic 
الأستاذ نوري العسلي,Arabic 
الأستاذة هناء حجازي,Arabic 
الأستاذة بنان المتولي,Arabic 
بيلسان جهينة,Arabic 
منيع عكاوي,Arabic 
الدكتورة بلقيس جرهم,Arabic 
جوانا القطب,Arabic 
أجوان الجبشة,Arabic 
حلا قحطان,Arabic 
خاشعة ابو عيد,Arabic 
الدكتور كريم الترجمان الصالح,Arabic 
الدكتور صلاح بنو شهر,Arabic 
الدكتور عبد التّواب بنو شيبة,Arabic 
الدكتورة جميلة قيس عيلان,Arabic 
جمان البخاري,Arabic 
شوقي صيام,Arabic 
السيدة ترف عرموني,Arabic 
بهية القواسم,Arabic 
الأستاذ شادي بنو سعد بن ليث بن بكر,Arabic 
الدكتور زكي جودة,Arabic 
السيدة لوليا بنو العريج,Arabic 
معارف أنمار,Arabic 
جيلان الحويطات,Arabic 
ساجي مراد,Arabic 
الدكتور مهدي السروري,Arabic 
ساطع يشكر,Arabic 
الأستاذة ياسمين مشعشع,Arabic 
السيدة هيام بنو هاشم,Arabic 
المهندس رستم حب رمان,Arabic 
جيلان الكبابيش,Arabic 
المهندسة ريف مشعشع,Arabic 
كنان السروري,Arabic 
المهندس مياس طسم,Arabic 
الأستاذ غانم الجعليين,Arabic 
الدكتورة نشوة باهلة,Arabic 
عبد الحفيظ عنس,Arabic 
مُسعف بنو عدي,Arabic 
بلماء أولاد زيان,Arabic 
الآنسة بيسان الدسوقي,Arabic 
مُسعف عليان,Arabic 
الأستاذ مرزوق الامام,Arabic 
الأستاذة ألين الكالوتي,Arabic 
رامح درويش,Arabic 
الأستاذة سديم سليم,Arabic 
السيد تاج الدقاق,Arabic 
السيد رحيب بكيل,Arabic 
الدكتور وحيد قضاعة,Arabic 
طيّب عرموني,Arabic 
السيد سمير صيداوي,Arabic 
جودي سليم,Arabic 
الدكتورة هند بو مدين,Arabic 
مسرور حب رمان,Arabic 
كنار بنو كلب,Arabic 
السيد نوري طسم,Arabic 
المهندس زهران جعفر,Arabic 
الدكتور راوي الماني,Arabic 
عبد الغفور درويش,Arabic 
الدكتورة اصيل مرازيق البقوم,Arabic 
ريفال غنيم,Arabic 
المهندس وسام عبد القيس,Arabic 
الدكتور مطاوع قرش,Arabic 
السيد راضي البامية,Arabic 
الآنسة أحلام الوعري,Arabic 
المهندس ودود بنو شيبة,Arabic 
المهندسة كرمة إياد,Arabic 
السيدة أزهار حجازي,Arabic 
المهندسة أروى بنو شيبان,Arabic 
السيدة بيلسان مزرعاني,Arabic 
ساجد قحطان,Arabic 
إلينا طه,Arabic 
مشاري هندية,Arabic 
السيدة ياسمين القزاز,Arabic 
ناضر بلغازي,Arabic 
المهندسة ريتال طقش,Arabic 
حيّان الدليم,Arabic 
أريج هندية,Arabic 
الأستاذ حسني العوالق,Arabic 
الدكتور عبد الجليل نجيب,Arabic 
المهندسة أسرار سوميرة,Arabic 
الدكتورة ضحى يشكر,Arabic 
بارعة اسطمبولي,Arabic 
حسن الشحوح,Arabic 
ترف ثقيف,Arabic 
كرم الموركة,Arabic 
فارس بنو عمرو,Arabic 
مَجدي خزاعة,Arabic 
حيّان حوالة,Arabic 
مرشد كندة,Arabic 
نذير همدان,Arabic 
حمود ثقيف,Arabic 
الآنسة اعتكاف الدليم,Arabic 
طاهر بنو شعبة,Arabic 
بدرالدّجى رصاص,Arabic 
بيلسان شويفاتي,Arabic 
ريمان السادة,Arabic 
المهندس ناجي العوازم,Arabic 
السيد مفيد بكر بن وائل,Arabic 
جمان الدقاق,Arabic 
المهندس شامخ زحلاوي,Arabic 
يقين خثعم,Arabic 
الأستاذ نوّاف مضر,Arabic 
المهندسة كوثر سليم,Arabic 
السيد راجي بنو مهدي,Arabic 
الدكتور مُتوكّل سوميرة,Arabic 
السيدة هيام بنو الأسمر,Arabic 
بهية الشهابي,Arabic 
الأستاذة بلسم خولان,Arabic 
الأستاذة بتلاء طوطح,Arabic 
ساهر زحلاوي,Arabic 
الأستاذة بثينة سرندح,Arabic 
السيدة بتلاء شهران,Arabic 
المهندس نظام الدليم,Arabic 
عبّود بنو زيد,Arabic 
ليان السروري,Arabic 
الأستاذ حمود بلي,Arabic 
دانة حرب,Arabic 
واثق شمران,Arabic 
جنى عامر بن صعصعة,Arabic 
زايد زحلاوي,Arabic 
السيد قحطان الشعباني,Arabic 
السيد جلال بكيل,Arabic 
الآنسة لورا عنزة,Arabic 
محفوظ الديسي,Arabic 
الأستاذة أحلام السادة الراويون,Arabic 
بشري الظفير,Arabic 
خالد بكيل,Arabic 
الأستاذة دانة بنو شيبة,Arabic 
أفنان العفيفي,Arabic 
جيلان السادة الراويون,Arabic 
الدكتور مهدي تغلب بن وائل,Arabic 
طموح جزار,Arabic 
الأستاذ نجم الدّين الخزرج,Arabic 
السيدة ريمان وهبة,Arabic 
بيلسان طرابلسي,Arabic 
هنادي الترجمان الصالح,Arabic 
ناهد بتروني,Arabic 
الدكتور عاقل بني رشيد,Arabic 
رائف خثعم,Arabic 
المهندس خيري النمري,Arabic 
محفوظ حجازي,Arabic 
الأستاذ سهل قيس عيلان,Arabic 
بنان شمر,Arabic 
الدكتور حمّاد بلغازي,Arabic 
المهندس عبد المولى بجيلة,Arabic 
ريما قبيلة هذيل البقوم,Arabic 
الأستاذ صهيب خثعم,Arabic 
تمام الحسيني,Arabic 
رخاء مشعشع,Arabic 
المهندس مُنجد الغوانمة,Arabic 
اصيل السهول,Arabic 
ريما جرهم,Arabic 
أزهار أنمار,Arabic 
رازي الديسي,Arabic 
السيد رضي الخلفاوي,Arabic 
الدكتورة بارعة المهرة,Arabic 
سهيل حميضة,Arabic 
بارعة المتولي,Arabic 
الآنسة مايا حمير,Arabic 
بنفسج شتية,Arabic 
الأستاذ فوّاز القزاز,Arabic 
الأستاذة ميلاء السهول,Arabic 
المهندسة غيداء بلقرن,Arabic 
فوزي ارناؤوط,Arabic 
حيدر صيداني,Arabic 
السيدة ناردين بني رشيد,Arabic 
المهندسة ريمان أنمار,Arabic 
الدكتور هاشم الدجاني,Arabic 
بتلاء قيس عيلان,Arabic 
نبهان مشعشع,Arabic 
السيد سنام بنو أمية,Arabic 
عامر صيداني,Arabic 
حلا جار الله,Arabic 
ساجد المملوك,Arabic 
بدرالدّجى خولان,Arabic 
راما القرجولي,Arabic 
خافق غنيم,Arabic 
الأستاذة ابتسام تغلب بن وائل,Arabic 
قانت ألمع,Arabic 
ميرا البيطار,Arabic 
وفاء المرازيق,Arabic 
الأستاذة جوين المفتي,Arabic 
الأستاذ شهاب القاعي,Arabic 
سنان العوالق,Arabic 
ساهد كنانة,Arabic 
الأستاذة دعاء قريش,Arabic 
حمدان العوالق,Arabic 
بدرالدّجى القاعي,Arabic 
بوران زهران,Arabic 
أحمد الشاويش,Arabic 
صبور عذرة,Arabic 
عبد الواحد ضبيعة,Arabic 
ترف بنو هلال,Arabic 
لورا سليم,Arabic 
السيد سامح البغدادي,Arabic 
السيدة باهرة المنتفق,Arabic 
فرات تغلب بن وائل,Arabic 
المهندسة أحلام الأوس,Arabic 
ناصر الدّين كندة,Arabic 
السيدة روبين عتيبة,Arabic 
السيدة روفيدا عنس,Arabic 
محسن الشاويش,Arabic 
هيمان ربيعة,Arabic 
الدكتورة اصيل النمر,Arabic 
راما شمران,Arabic 
جوليا غامد,Arabic 
عفيف هذيل,Arabic 
بنان الكلغاصي,Arabic 
السيدة ريفال طسم,Arabic 
همام سرندح,Arabic 
الأستاذ مُتيّم بنو الأحمر,Arabic 
الدكتورة ميرال بني عطية,Arabic 
السيدة تالا بني بيات,Arabic 
ريناد مرازيق البقوم,Arabic 
مرتجي النمر,Arabic 
المهندسة جوين عسير,Arabic 
عزّت الشرفاء,Arabic 
إخلاص شويفاتي,Arabic 
جوريّة حميضة,Arabic 
السيد صنديد الساحلي,Arabic 
المهندسة ناردين الأنصاري,Arabic 
الأستاذ فطين ألمع,Arabic 
الآنسة افتكار بني هاجر,Arabic 
لطفي يافع,Arabic 
المهندس حمدان قبيلة هذيل البقوم,Arabic 
خليفة قريش,Arabic 
السيد فاضل حاشد,Arabic 
أناهيد همدان,Arabic 
المهندس شبلي الدليم,Arabic 
المهندسة ليم شتية,Arabic 
المهندسة جوانا بنو مهدي,Arabic 
الآنسة روعة بنو عبس,Arabic 
جعفر قبيلة هذيل البقوم,Arabic 
فارع الحجر بن الهنوء بن الأزد,Arabic 
عمّار عبد القيس,Arabic 
الآنسة ابتكار زحلاوي,Arabic 
المهندسة بتول الأوس,Arabic 
اسماءبناتمختلفةومعانيها: الدليم,Arabic 
الأستاذة نشوة زحلاوي,Arabic 
المهندسة دانة بنو الأحمر,Arabic 
جوان الحجر بن الهنوء بن الأزد,Arabic 
عصمت بنو الحارث بن كعب,Arabic 
المهندسة بنفسج عذرة,Arabic 
مايا بنو معقل,Arabic 
شادن مضر,Arabic 
الدكتور وفائي الحسيني,Arabic 
الآنسة ميلاء أشجع,Arabic 
ميسون بنو مالك,Arabic 
الأستاذة جودي الشامي,Arabic 
الأستاذ يسري فراهيد,Arabic 
السيد محفوظ بتروني,Arabic 
حنفي بني بيات,Arabic 
الأستاذة وسجايا غوشة,Arabic 
يسرى همدان,Arabic 
السيد سرحان مضر,Arabic 
لوليا قضاعة,Arabic 
الأستاذ مُناضل عدوان,Arabic 
السيدة دعاء اسطمبولي,Arabic 
نوال نور الدين,Arabic 
الأستاذة ريتاج بنو مهدي,Arabic 
بهية شمران,Arabic 
طارق القطب,Arabic 
ضحى الرباطاب,Arabic 
رؤوف الموسوس,Arabic 
ساجد طه,Arabic 
الأستاذ عبد العليم بحمدوني,Arabic 
الأستاذة باهرة العفيفي,Arabic 
كبير شمر,Arabic 
سديم جرهم,Arabic 
أفراح جديس,Arabic 
بلسم حوالة,Arabic 
شوقي البغدادي,Arabic 
الأستاذ جلال سوميرة,Arabic 
المهندس فارس بنو عمرو,Arabic 
المهندس كنان الزماميري,Arabic 
عبد الملك الكواهلة,Arabic 
جيلان البقوم,Arabic 
الآنسة هاجر عرموني,Arabic 
نافع البشيتي,Arabic 
السيد فتوح الكلغاصي,Arabic 
المهندسة كوثر الكبابيش,Arabic 
السيد مرشد جذام,Arabic 
السيدة إباء دوبلال,Arabic 
صباح مضر,Arabic 
الدكتورة ريف مراد,Arabic 
مؤمن نسيبة,Arabic 
حنبل بنو النجار,Arabic 
غيداء اهرام,Arabic 
السيد وحيد حاشد,Arabic 
ساجي عنز بن وائل,Arabic 
عالية بنو سعد بن ليث بن بكر,Arabic 
الآنسة بيلسان مزينة,Arabic 
الدكتورة مايا ابو السعود,Arabic 
الدكتورة تمام حميضة,Arabic 
الدكتورة ناردين بنو النجار,Arabic 
السيد عبد الرّحيم العارف,Arabic 
الدكتور عبد الحكيم ازحيمان,Arabic 
هلال الكواهلة,Arabic 
ساجد تنوخ,Arabic 
السيدة آيات الزرقان,Arabic 
الأستاذ شريف مزرعاني,Arabic 
صدقي ابو السعود,Arabic 
الدكتورة زهرة كهلان,Arabic 
الآنسة ريما الدجاني,Arabic 
آيات غنيم,Arabic 
الآنسة آيات بنو أمية,Arabic 
عبد الرّحمن بنو هاشم,Arabic 
عرفان المهرة,Arabic 
رواء الدليم,Arabic 
السيدة أفراح شمر,Arabic 
الأستاذ حبّاب بنو معقل,Arabic 
السيد جعفر هوازن,Arabic 
خليل الزماميري,Arabic 
المهندسة كوثر الدواسر,Arabic 
الدكتورة آيات الشرفاء,Arabic 
الدكتورة بنفسج الألجاوي,Arabic 
شهير ترابين,Arabic 
الآنسة إباء فراهيد,Arabic 
ميرال البقوم,Arabic 
كنار غطفان,Arabic 
السيد عبد الغفّار الحويطات,Arabic 
فاخر الأوس,Arabic 
بتلاء الخلفاوي,Arabic 
فادي بنو زيد,Arabic 
الآنسة رواء بو مدين,Arabic 
المهندس فاضل ازحيمان,Arabic 
الأستاذ هلالي المرازيق,Arabic 
طبّاع جار الله,Arabic 
تقي تغلب بن وائل,Arabic 
ترف بنو سعد بن بكر,Arabic 
غزوان بنو الأحمر,Arabic 
ريناد الشامي,Arabic 
خليل غنيم,Arabic 
حمزة الأوس,Arabic 
فالح بكر بن عبد مناة,Arabic 
المهندس لقمان عنس,Arabic 
فالح حب رمان,Arabic 
ممتاز القضماني,Arabic 
يقين الشايقية,Arabic 
المهندس وصفي طزيز,Arabic 
الأستاذة شادن الدسوقي,Arabic 
ترانيم القاعي,Arabic 
المهندسة ميرا بنو ياس,Arabic 
الدكتور فوزي بكيل,Arabic 
المهندسة شهد ابو السعود,Arabic 
المهندسة لارا بنو عبس,Arabic 
مصباح أفغاني,Arabic 
ضياء اليوزباشي,Arabic 
الأستاذ رائف بديرية,Arabic 
ميثاق عبد القيس,Arabic 
إخلاص بنو هلال,Arabic 
الدكتور رائد حجازي,Arabic 
السيدة ابتكار الخالدي,Arabic 
بهابهاء المهرة,Arabic 
الدكتور عدلي بنو الأحمر,Arabic 
لوليا الكواهلة,Arabic 
الآنسة جودي الترجمان الصالح,Arabic 
منسي بنو الحارث بن كعب,Arabic 
صبري جهينة,Arabic 
المهندس زكي ألمع,Arabic 
فخري الكالوتي,Arabic 
الدكتور مهدي القباني,Arabic 
السيدة باهرة صيام,Arabic 
سلطان الخطيب بني جماعة الكناني,Arabic 
حليم قيس عيلان,Arabic 
الأستاذ عمر السمان,Arabic 
المهندسة بيلسان الظفير,Arabic 
السيدة اصيل مرازيق البقوم,Arabic 
السيدة بنان غوشة,Arabic 
أجوان جبيلي,Arabic 
ريناد البامية,Arabic 
كوثر العوازم,Arabic 
عمر سموم,Arabic 
الأستاذة محمد معتوق,Arabic 
السيدة تالا جودة,Arabic 
الأستاذة ريف الأشراف,Arabic 
مسرور خولان,Arabic 
الأستاذ عدوي العجمان,Arabic 
رامي درويش,Arabic 
غيداء النجار,Arabic 
الدكتور كاشف سرندح,Arabic 
المهندسة إباء بنو عدي,Arabic 
المهندسة ماذى بيرقدار,Arabic 
جوان عبد اللطيف,Arabic 
ديسم الدجاني,Arabic 
الأستاذة بلند تميم,Arabic 
ريم بيروتي,Arabic 
علاءالدّين ترابين,Arabic 
صدقي هذيل,Arabic 
جلنار فراهيد,Arabic 
المهندس عبد الرّؤوف بنو ليث,Arabic 
الأستاذة ريفال جبيلي,Arabic 
وجدي بني رشيد,Arabic 
السيدة سديم الشايقية,Arabic 
الدكتور مياس بنو عبس,Arabic 
كاملة العسلي,Arabic 
يسرى حمير,Arabic 
الدكتور عبد القدّوس بنو سعد بن بكر,Arabic 
ناردين الزماميري,Arabic 
حسين كمال,Arabic 
الآنسة بتول بنو شعبة,Arabic 
راما العسلي,Arabic 
الأستاذ تامر سبيع,Arabic 
المهندسة هدى بديرية,Arabic 
السيدة تولين الكالوتي,Arabic 
الدكتور غطفان بعلبكي,Arabic 
نمر عنزة,Arabic 
السيدة أزهار الموركة,Arabic 
اصيل زهران,Arabic 
روبين فراهيد,Arabic 
المهندسة ناهد الديسي,Arabic 
المهندسة زهرة الخطيب بني جماعة الكناني,Arabic 
ياسمين نور الدين,Arabic 
الآنسة ايمان الماني,Arabic 
الأستاذ محمّد أشجع,Arabic 
الأستاذة جود بارق,Arabic 
المهندس حنفي ثقيف,Arabic 
الأستاذة أحمد الكثيري,Arabic 
شكري بيروتي,Arabic 
عبد الغني يافع,Arabic 
المهندس جدير المغربي,Arabic 
السيد فلاح قرش,Arabic 
الدكتور وفيق مزينة,Arabic 
ضحى بنو شعبة,Arabic 
مايا عويضة,Arabic 
السيد ذريع مزرعاني,Arabic 
الدكتور عذب الطحان,Arabic 
تاج الدّين سرندح,Arabic 
السيدة وصاف النمر,Arabic 
السيد فراس المهرة,Arabic 
المهندسة فداء اميوني,Arabic 
المهندسة هنادي الدليم,Arabic 
باسمة قليبو,Arabic 
غزير عضل,Arabic 
ناصر بجيلة,Arabic 
عالم الحلاق,Arabic 
فهمي ثقيف,Arabic 
الأستاذة ماذى بنو ياس,Arabic 
ريما النقيب,Arabic 
السيدة جميلة عاملة,Arabic 
الآنسة ريما بنو أسد,Arabic 
جلال الدّين الأوس,Arabic 
دعاء الجاعوني,Arabic 
السيدة جميلة بكر بن وائل,Arabic 
حمود فهم,Arabic 
السيد فراس خزاعة,Arabic 
مسعود الكبابيش,Arabic 
الدكتورة لورا الشامي,Arabic 
ناردين العفيفي,Arabic 
المهندس حسين غنيم,Arabic 
سجى جار الله,Arabic 
الدكتور عصام البيسار القعقور,Arabic 
حنفي بنو هاشم,Arabic 
السيد شعبان بنو حنيفة,Arabic 
الأستاذ زكريا حمير,Arabic 
رمحي بنو عبس,Arabic 
السيد حافظ خزاعة,Arabic 
المهندس خليفة اسطمبولي,Arabic 
السيدة بتول القضماني,Arabic 
أسيل جعفر,Arabic 
جهراء الوعري,Arabic 
راغب الحكم بن سعد العشيرة,Arabic 
الأستاذ شعيب الحواش,Arabic 
الدكتور ضحّاك صيداني,Arabic 
الدكتورة ابتكار السروري,Arabic 
رحيب الأشراف,Arabic 
ضحى خثعم,Arabic 
عبد الحقّ بنو كلب,Arabic 
السيدة أسرار الموسوس,Arabic 
وفاء المتولي,Arabic 
يارا قليبو,Arabic 
الآنسة باسمة المهرة,Arabic 
طيّع بنو عمرو,Arabic 
حسيب بنو فراس,Arabic 
أحمد اسطمبولي,Arabic 
اسماءبناتمختلفةومعانيها: قرش,Arabic 
ناجح مذحج,Arabic 
زكية بنو أمية,Arabic 
لوليا حمير,Arabic 
المهندسة ابتسام الحواش,Arabic 
بيسان بنو الحارث بن كعب,Arabic 
الدكتورة بشرى بنو هلال,Arabic 
الأستاذة جنى بني رشيد,Arabic 
بشري بنو حنيفة,Arabic 
الآنسة إلينا بيرقدار,Arabic 
الأستاذ نشأت بنو شهر,Arabic 
هلال بنو حنيفة,Arabic 
الأستاذة أحمد اهرام,Arabic 
السيدة رواء مرازيق البقوم,Arabic 
ظاعن الشرفاء,Arabic 
المهندسة ريمان اهرام,Arabic 
بهجة البغدادي,Arabic 
بلقيس راجح,Arabic 
سرور نجم,Arabic 
السيدة دانية جزار,Arabic 
السيدة بهابهاء بنو كلب,Arabic 
الآنسة بثينة عدوان,Arabic 
الآنسة باهرة قطينة,Arabic 
المهندسة ريتال نهد,Arabic 
طائف دوبلال,Arabic 
الآنسة ياسمين ثقيف,Arabic 
السيد ممدوح شمران,Arabic 
السيد مُتعب دوبلال,Arabic 
اسماءبناتمختلفةومعانيها: عبد القيس,Arabic 
نجيب البامية,Arabic 
الدكتورة ياسمين ضبيعة,Arabic 
وسجايا المؤقت,Arabic 
الآنسة ترانيم الكواهلة,Arabic 
المهندسة نوره القزاز,Arabic 
كارم الموسوس,Arabic 
هزار اسطمبولي,Arabic 
بيسان البقوم,Arabic 
السيد ضحّاك طرابلسي,Arabic 
الأستاذ عبد الصّمد عنزة,Arabic 
الدكتورة نوره نهد,Arabic 
راجي النقيب,Arabic 
سعيد صيداني,Arabic 
الدكتورة ضياء بنو مالك,Arabic 
المهندس مجد الموركة,Arabic 
عتاب مزرعاني,Arabic 
الأستاذة ريان الأشراف,Arabic 
ضياء بديرية,Arabic 
الآنسة هند بنو خالد,Arabic 
عبدالرّحمن الشحوح,Arabic 
تاج الدّين الشعباني,Arabic 
السيد عمير العلمي,Arabic 
شوقي درويش,Arabic 
الأستاذ فراس الوعري,Arabic 
عبد الرّؤوف أولاد زيان,Arabic 
عائد باهلة,Arabic 
الأستاذة لوليا عامر بن صعصعة,Arabic 
ياسمين العوازم,Arabic 
ماذى المؤقت,Arabic 
راجح بنو ليث,Arabic 
الأستاذ فضل بنو فراس,Arabic 
السيد عبد المجيد بنو الدئل,Arabic 
عبدالرّحمن اهرام,Arabic 
الأستاذة هناء بنو شهر,Arabic 
رباح باهلة,Arabic 
فخر الدّين القرجولي,Arabic 
الدكتور رحيب مرازيق البقوم,Arabic 
ترف بنو العريج,Arabic 
الأستاذة فداء الأوس,Arabic 
غزير الشايقية,Arabic 
السيد كبير الجبشة,Arabic 
الأستاذ فهد إياد,Arabic 
الأستاذة ابتهال الظفير,Arabic 
الأستاذة ريما بدرية,Arabic 
علاءالدّين الغوانمة,Arabic 
يافع ابو السعود,Arabic 
الأستاذ طلال الساحلي,Arabic 
كسّاب قليبو,Arabic 
السيدة ريفال فراهيد,Arabic 
الأستاذ سعدي قضاعة,Arabic 
الدكتور شاكر المتولي,Arabic 
ودود هذيل,Arabic 
الآنسة يارا الأزد,Arabic 
ميرال خولان,Arabic 
الأستاذ صدر الدّين عسير,Arabic 
الدكتور زكريا شمر,Arabic 
محييالدّين الحجر بن الهنوء بن الأزد,Arabic 
آيات نجيب,Arabic 
المهندسة أريج بنو شيبان,Arabic 
الآنسة نوره اسطمبولي,Arabic 
السيدة بارعة بنو مهدي,Arabic 
زاهي عضل,Arabic 
رشيد بنو سعد بن بكر,Arabic 
الآنسة مريم جذام,Arabic 
الدكتور كريم اميوني,Arabic 
بتلاء يافع,Arabic 
الدكتورة تولين طه,Arabic 
السيد نورالحقّ القواسم,Arabic 
غزوان البقوم,Arabic 
جوين الخطيب بني جماعة الكناني,Arabic 
هاجر الكبابيش,Arabic 
عتريس مزرعاني,Arabic 
السيدة عتاب هوازن,Arabic 
الأستاذ جميل بتروني,Arabic 
الأستاذة إباء عضل,Arabic 
سلاف البيسار القعقور,Arabic 
مقدام أكلب,Arabic 
الدكتور راغب هذيل,Arabic 
السيدة ريفال الماني,Arabic 
خلوصي تنوخ,Arabic 
عمّار بلي,Arabic 
الأستاذة كرمة باهلة,Arabic 
سلمان الهدمي,Arabic 
السيد عبد القادر المتولي,Arabic 
الأستاذ عزّالدّين درويش,Arabic 
صبيح الشعباني,Arabic 
ايمان البخاري,Arabic 
تاليا البخاري,Arabic 
راجي بنو الأحمر,Arabic 
روبين جديس,Arabic 
السيد طائف أنمار,Arabic 
السيد صلاح الدّين لخم,Arabic 
أحلام الرباب,Arabic 
نشأت الحواش,Arabic 
مُرسي بنو زيد,Arabic 
الأستاذ عاقل بارق,Arabic 
تاليا بنو ذي أصبح,Arabic 
السيد عبد الحقّ فراهيد,Arabic 
غيداء تغلب بن وائل,Arabic 
الدكتور ميسور عنز بن وائل,Arabic 
طبّاع الأزد,Arabic 
السيد نظمي بنو مهدي,Arabic 
بنان بنو عمرو,Arabic 
المهندس ذيب الماني,Arabic 
معين الحلاق,Arabic 
ناصيف بعلبكي,Arabic 
افتكار الترجمان الصالح,Arabic 
مهيب عسير,Arabic 
الدكتور مُرسي الرباب,Arabic 
شيّق الكبابيش,Arabic 
السيد نورالحقّ اليوزباشي,Arabic 
السيدة ريم صيداني,Arabic 
السيدة ياسمين شمران,Arabic 
حياة بنو عجل,Arabic 
المهندس داني النمر,Arabic 
صبيح النمر,Arabic 
حنفي عجرمة (العجارمة),Arabic 
ريان بحمدوني,Arabic 
الأستاذ فهمي هوازن,Arabic 
الأستاذة لوجين عسير,Arabic 
عبد الغني بنو كلب,Arabic 
هيكل بنو الدئل,Arabic 
المهندس ديسم عنس,Arabic 
مروان الخزرج,Arabic 
الأستاذة اعتماد الطحان,Arabic 
حمود عضل,Arabic 
الأستاذة ريتاج إياد,Arabic 
السيدة تالا خثعم,Arabic 
سنام مراد,Arabic 
الآنسة ألين المفتي,Arabic 
نجدت الترجمان الصالح,Arabic 
جسور بنو سعد بن ليث بن بكر,Arabic 
الآنسة إخلاص بنو الأسمر,Arabic 
السيدة باهرة عنس,Arabic 
السيد لبيد الشهابي,Arabic 
هيمان زحيكة,Arabic 
ظهير عنز بن وائل,Arabic 
بيسان بنو الأحمر بن الحارث,Arabic 
الأستاذ سراج الدّين اسطمبولي,Arabic 
السيد ناجح العارف,Arabic 
كليم الرباطاب,Arabic 
الأستاذ نصري ترابين,Arabic 
حفيظ ألمع,Arabic 
فداء الشامي,Arabic 
تامر بنو شيبان,Arabic 
عدنان يشكر,Arabic 
مَجدي الأزد,Arabic 
يسرى الأيوبي,Arabic 
السيدة ريما المهرة,Arabic 
السيد عبدالرّحمن بنو كلب,Arabic 
افتكار خندف,Arabic 
الأستاذة نوره النقيب,Arabic 
الدكتور جميل بنو العريج,Arabic 
جودي شرف,Arabic 
كاملة الأنصاري,Arabic 
تمام فهم,Arabic 
الدكتور مهران الأزد,Arabic 
الدكتورة يسرى وهبة,Arabic 
أسيل الدجاني,Arabic 
السيدة ليان حمير,Arabic 
وضّاح بنو ليث,Arabic 
شيّق سليم,Arabic 
ابتسام الغوانمة,Arabic 
المهندسة مريم بكيل,Arabic 
المهندس ضيائي حميضة,Arabic 
فاضل بنو عدي,Arabic 
الأستاذة ميرا عليان,Arabic 
الأستاذة جلنار زحيكة,Arabic 
الأستاذ طلال كنانة,Arabic 
الدكتورة وسجايا الغوانمة,Arabic 
ليساء الحويطات,Arabic 
المهندسة ترانيم جعفر,Arabic 
عبد الباقي قبيلة هذيل البقوم,Arabic 
الآنسة لوليا عتيبة,Arabic 
السيد مهران غطفان,Arabic 
بوران بنو سعد بن بكر,Arabic 
الأستاذ مُنجد يشكر,Arabic 
زايد سبيع,Arabic 
المهندسة آيات الحلواني,Arabic 
المهندس رباح بنو زيد,Arabic 
وليف ابو السعود,Arabic 
ميرال الموسوس,Arabic 
شكيب المغربي,Arabic 
الدكتورة مايا تنوخ,Arabic 
راغب بدرية,Arabic 
المهندسة جالا العفيفي,Arabic 
الدكتورة ابتكار قريش,Arabic 
السيد ودود العسلي,Arabic 
الآنسة ميار المرازيق,Arabic 
المهندسة ابتهال الأيوبي,Arabic 
وفاء بنو شعبة,Arabic 
الأستاذ عثمان مذحج,Arabic 
صلاح الدّين الأوس,Arabic 
ديمه أكلب,Arabic 
بوران حوالة,Arabic 
إخلاص معتوق,Arabic 
المهندس قبس الدليم,Arabic 
رباح حمير,Arabic 
فادي الدقاق,Arabic 
السيدة سلسبيل الترهي,Arabic 
ميرال بنو ضمرة,Arabic 
الآنسة بنفسج السمان,Arabic 
تالا الداودي,Arabic 
لاما الطحان,Arabic 
الدكتورة ليان الهدمي,Arabic 
الأستاذة آيات العارف,Arabic 
السيد رشدي المغربي,Arabic 
ربيع الخزرج,Arabic 
رسمي اسطمبولي,Arabic 
هايل الأنصاري,Arabic 
صهيب عرموني,Arabic 
طيّع الحلواني,Arabic 
الأستاذ سيفالدّين طرابلسي,Arabic 
الدكتور دليل عبده,Arabic 
هند عبد القيس,Arabic 
السيدة جميلة مزرعاني,Arabic 
نوّار فهم,Arabic 
الدكتور عصمت بنو خالد,Arabic 
السيدة تالا خثعم,Arabic 
المهندس غزير بيروتي,Arabic 
بيسان زلاطيمو,Arabic 
المهندس صقر الشعباني,Arabic 
خالد بنو ياس,Arabic 
ريمان بلقرن,Arabic 
السيدة ماذى طزيز,Arabic 
ميثاق بنو كنز,Arabic 
الأستاذ رشيد سبيع,Arabic 
الدكتورة ريتال بديرية,Arabic 
سمير عرموني,Arabic 
الدكتور غامد قليبو,Arabic 
المهندس مشفق الفتياني,Arabic 
الدكتورة إباء بكيل,Arabic 
عبد الشّكور الغوانمة,Arabic 
ميرا سبيع,Arabic 
الأستاذ هلال مزرعاني,Arabic 
السيد فارس بو مدين,Arabic 
الدكتور منتصر بنو ليث,Arabic 
الدكتور رابح ربيعة,Arabic 
سلاف فراهيد,Arabic 
الدكتورة ميار عامر بن صعصعة,Arabic 
الأستاذة لارا جعفر,Arabic 
السيدة بلند بنو عمرو,Arabic 
ميمون غطفان,Arabic 
زاخر الحلاق,Arabic 
رائف الشامي,Arabic 
لبيد الزرقان,Arabic 
الأستاذة جودي الكثيري,Arabic 
الأستاذ راجي شمر,Arabic 
بتلاء الكلغاصي,Arabic 
الأستاذ رامح الدواسر,Arabic 
مُناضل المغربي,Arabic 
حسين بني عطية,Arabic 
السيد صارم ارناؤوط,Arabic 
واثق الشهابي,Arabic 
الدكتور فراس بكر بن عبد مناة,Arabic 
الآنسة ريان المفتي,Arabic 
نظمي صيداوي,Arabic 
طاهر العفيفي,Arabic 
السيدة ريما الكثيري,Arabic 
صقر بلغازي,Arabic 
هدى نجيب,Arabic 
تاليا ابو الحاج,Arabic 
شاكر الحلاق,Arabic 
مراد بنو سعد بن بكر,Arabic 
الآنسة بهية تميم,Arabic 
المهندس حامد القواسم,Arabic 
المهندسة هدى طه,Arabic 
الدكتور شجاع العقيدات,Arabic 
صبيح الأزد,Arabic 
الأستاذة دانية كمال,Arabic 
ضحى بنو العريج,Arabic 
مكّي بنو مالك,Arabic 
المهندس موفّق الجبشة,Arabic 
الدكتور عابد بنو هاشم,Arabic 
السيد طارق الخزرج,Arabic 
موسى ميرفاب,Arabic 
الدكتور حفيظ عاملة,Arabic 
الأستاذة ريمان الشهابي,Arabic 
أروى زحلاوي,Arabic 
الأستاذ ثائر اهرام,Arabic 
تامر طرابلسي,Arabic 
زغلول الكواهلة,Arabic 
عتاب الشاويش,Arabic 
يعقوب بنو سعد بن بكر,Arabic 
السيدة بارعة خولان,Arabic 
فائق زحلاوي,Arabic 
الأستاذ يافع بنو الأحمر بن الحارث,Arabic 
جلنار بحمدوني,Arabic 
آلاء الشعباني,Arabic 
تالا عضل,Arabic 
ميسون ابو الحاج,Arabic 
جميلة الأنصاري,Arabic 
ريفال بنو الحارث بن كعب,Arabic 
الدكتورة ترانيم صيام,Arabic 
مادلين بعلبكي,Arabic 
الآنسة زهرة بتروني,Arabic 
الأستاذ محييالدّين القاعي,Arabic 
صخر بدرية,Arabic 
الآنسة ميسون المهرة,Arabic 
لوليا بني هاجر,Arabic 
مصباح بنو زيد,Arabic 
طموح ازحيمان,Arabic 
المهندسة لورا جهينة,Arabic 
الآنسة هناء كهلان,Arabic 
مُسعف الأنصاري,Arabic 
رستم طيء,Arabic 
المهندس عالم الامام,Arabic 
عبد القهّار قيس عيلان,Arabic 
الآنسة ماذى عرموني,Arabic 
مَسعد النشاشيبي,Arabic 
الأستاذة مادلين ضبيعة,Arabic 
الدكتور نعيم المنتفق,Arabic 
سلسبيل بنو لام,Arabic 
صدقي بنو عمرو,Arabic 
الأستاذة سديم البيطار,Arabic 
الدكتور مجد القرجولي,Arabic 
زايد الدليم,Arabic 
اصيل بنو كلب,Arabic 
عبد القهّار بني رشيد,Arabic 
الأستاذة بارعة طيء,Arabic 
الأستاذ سنام بنو الدئل,Arabic 
المهندسة ميلاء عسير,Arabic 
أفنان معتوق,Arabic 
الأستاذة بهجة عنز بن وائل,Arabic 
اسماءبناتمختلفةومعانيها: بنو النجار,Arabic 
المهندس عبد الباقي نهد,Arabic 
رضي سبيع,Arabic 
المهندس عدنان الوعري,Arabic 
صبور الحلواني,Arabic 
المهندسة بنفسج بو مدين,Arabic 
الدكتور نظام بيرقدار,Arabic 
الأستاذ قصي بنو ياس,Arabic 
مُنير الامام,Arabic 
بنفسج بحمدوني,Arabic 
ريما مرازيق البقوم,Arabic 
خيري المفتي,Arabic 
سلطان الكواهلة,Arabic 
الأستاذة ريف ارناؤوط,Arabic 
أجوان معتوق,Arabic 
ريناد عسير,Arabic 
المهندس ديسم سليم,Arabic 
بلند شرف,Arabic 
الأستاذ ظاهر بجيلة,Arabic 
هزار بنو شيبان,Arabic 
مريم العفيفي,Arabic 
محمود جعفر,Arabic 
المهندس شوقي لخم,Arabic 
الآنسة جود البخاري,Arabic 
أسيل الرباب,Arabic 
الدكتور ترف سوميرة,Arabic 
سالم غطفان,Arabic 
الأستاذ صباح الظفير,Arabic 
الآنسة ابتهال بني عطية,Arabic 
الآنسة أجوان بنو الأحمر,Arabic 
أسرار قبيلة هذيل البقوم,Arabic 
رزين بنو الأحمر بن الحارث,Arabic 
الأستاذة دانة ميرفاب,Arabic 
كرمة عنس,Arabic 
لفيف الحكم بن سعد العشيرة,Arabic 
الأستاذة ريفال معتوق,Arabic 
السيد جاد سبيع,Arabic 
بلند بنو هلال,Arabic 
السيد وثّاب جهينة,Arabic 
آلاء دوبلال,Arabic 
المهندس سامح النمري,Arabic 
السيدة جوان البامية,Arabic 
الدكتور شوقي وهبة,Arabic 
تاليا حاشد,Arabic 
ابتهاج بنو هاشم,Arabic 
باسمة سوميرة,Arabic 
داهي الشهابي,Arabic 
الأستاذ زاهي ربيعة,Arabic 
عبد الرّزاق طه,Arabic 
هدى عنزة,Arabic 
السيدة ريان عدوان,Arabic 
السيدة سبأ قريش,Arabic 
الآنسة بنفسج النشاشيبي,Arabic 
مكّي زحلاوي,Arabic 
ريان نسيبة,Arabic 
عامر عبد اللطيف,Arabic 
السيدة فردوس بديرية,Arabic 
الآنسة أسيل الأزد,Arabic 
السيد عصمت اسطمبولي,Arabic 
قصي غطفان,Arabic 
المهندس ياسر متني,Arabic 
وفاء بنو يعلى,Arabic 
ايمان ابو عيد,Arabic 
عبد العزيز جار الله,Arabic 
ريف المؤقت,Arabic 
الدكتور تاج سموم,Arabic 
يسرى فراهيد,Arabic 
خاشعة قيس عيلان,Arabic 
السيدة لوليا هندية,Arabic 
الأستاذ مُنير الحواش,Arabic 
الأستاذ قنوع هندية,Arabic 
鈴木 直子,Japanese 
中川 陽一,Japanese 
田中 香織,Japanese 
林 零,Japanese 
小林 千代,Japanese 
森 陽一,Japanese 
山下 陽一,Japanese 
佐藤 晃,Japanese 
藤田 稔,Japanese 
中川 太郎,Japanese 
井上 直人,Japanese 
伊藤 くみ子,Japanese 
阿部 聡太郎,Japanese 
青木 浩,Japanese 
渡辺 裕太,Japanese 
林 学,Japanese 
岡田 陽子,Japanese 
山崎 直樹,Japanese 
林 香織,Japanese 
鈴木 聡太郎,Japanese 
森 治,Japanese 
田中 里佳,Japanese 
清水 智也,Japanese 
山口 聡太郎,Japanese 
中川 あすか,Japanese 
中村 桃子,Japanese 
松田 治,Japanese 
山口 加奈,Japanese 
小林 太郎,Japanese 
石川 零,Japanese 
中島 結衣,Japanese 
田中 篤司,Japanese 
太田 香織,Japanese 
松本 香織,Japanese 
佐藤 零,Japanese 
田中 晃,Japanese 
山口 智也,Japanese 
加藤 翼,Japanese 
田中 和也,Japanese 
佐藤 陽子,Japanese 
阿部 知実,Japanese 
橋本 春香,Japanese 
佐々木 あすか,Japanese 
山口 拓真,Japanese 
中川 洋介,Japanese 
林 翔太,Japanese 
鈴木 加奈,Japanese 
長谷川 舞,Japanese 
高橋 裕太,Japanese 
森 裕美子,Japanese 
阿部 翼,Japanese 
中島 裕美子,Japanese 
佐藤 知実,Japanese 
長谷川 直人,Japanese 
井上 里佳,Japanese 
林 陽一,Japanese 
藤田 洋介,Japanese 
山本 修平,Japanese 
高橋 くみ子,Japanese 
伊藤 充,Japanese 
清水 花子,Japanese 
佐藤 里佳,Japanese 
小川 淳,Japanese 
太田 加奈,Japanese 
村上 零,Japanese 
森 さゆり,Japanese 
三浦 真綾,Japanese 
山下 京助,Japanese 
近藤 零,Japanese 
田中 健一,Japanese 
高橋 陽一,Japanese 
高橋 直樹,Japanese 
山崎 千代,Japanese 
佐々木 直人,Japanese 
木村 拓真,Japanese 
小川 康弘,Japanese 
青木 陽一,Japanese 
斉藤 裕美子,Japanese 
山田 洋介,Japanese 
小川 千代,Japanese 
鈴木 裕太,Japanese 
山口 充,Japanese 
近藤 篤司,Japanese 
加藤 あすか,Japanese 
中村 治,Japanese 
山田 篤司,Japanese 
伊藤 直樹,Japanese 
渡辺 太一,Japanese 
木村 香織,Japanese 
佐藤 修平,Japanese 
佐藤 桃子,Japanese 
木村 洋介,Japanese 
山下 翔太,Japanese 
佐藤 太郎,Japanese 
山本 稔,Japanese 
石川 零,Japanese 
中島 くみ子,Japanese 
石井 太郎,Japanese 
清水 くみ子,Japanese 
藤井 くみ子,Japanese 
加藤 陽子,Japanese 
中村 千代,Japanese 
村上 くみ子,Japanese 
田中 陽一,Japanese 
森 太郎,Japanese 
渡辺 くみ子,Japanese 
伊藤 涼平,Japanese 
石井 学,Japanese 
伊藤 里佳,Japanese 
中村 くみ子,Japanese 
井上 千代,Japanese 
佐々木 和也,Japanese 
池田 明美,Japanese 
山本 桃子,Japanese 
山田 知実,Japanese 
林 花子,Japanese 
中川 あすか,Japanese 
鈴木 聡太郎,Japanese 
佐藤 陽子,Japanese 
林 知実,Japanese 
伊藤 明美,Japanese 
松田 稔,Japanese 
高橋 千代,Japanese 
松本 あすか,Japanese 
坂本 直子,Japanese 
高橋 舞,Japanese 
小林 京助,Japanese 
佐藤 浩,Japanese 
中村 あすか,Japanese 
坂本 桃子,Japanese 
山田 康弘,Japanese 
中島 京助,Japanese 
吉田 淳,Japanese 
藤田 真綾,Japanese 
清水 花子,Japanese 
石川 里佳,Japanese 
池田 くみ子,Japanese 
中川 陽一,Japanese 
鈴木 聡太郎,Japanese 
中村 直子,Japanese 
高橋 加奈,Japanese 
石川 里佳,Japanese 
太田 陽一,Japanese 
岡田 くみ子,Japanese 
坂本 浩,Japanese 
加藤 直人,Japanese 
池田 舞,Japanese 
石井 あすか,Japanese 
林 聡太郎,Japanese 
渡辺 幹,Japanese 
井上 陽一,Japanese 
清水 聡太郎,Japanese 
加藤 康弘,Japanese 
清水 美加子,Japanese 
中島 零,Japanese 
渡辺 花子,Japanese 
藤原 さゆり,Japanese 
山本 稔,Japanese 
鈴木 桃子,Japanese 
渡辺 さゆり,Japanese 
佐藤 くみ子,Japanese 
清水 直樹,Japanese 
後藤 零,Japanese 
山崎 太郎,Japanese 
渡辺 浩,Japanese 
吉田 翼,Japanese 
西村 和也,Japanese 
山口 太一,Japanese 
井上 治,Japanese 
吉田 直人,Japanese 
中川 和也,Japanese 
中村 太一,Japanese 
清水 くみ子,Japanese 
山口 稔,Japanese 
鈴木 陽一,Japanese 
田中 真綾,Japanese 
太田 京助,Japanese 
佐藤 くみ子,Japanese 
佐々木 篤司,Japanese 
前田 七夏,Japanese 
岡本 桃子,Japanese 
鈴木 智也,Japanese 
橋本 英樹,Japanese 
中村 翼,Japanese 
吉田 浩,Japanese 
渡辺 浩,Japanese 
森 美加子,Japanese 
井上 陽子,Japanese 
伊藤 幹,Japanese 
山田 香織,Japanese 
田中 学,Japanese 
伊藤 裕樹,Japanese 
山口 浩,Japanese 
清水 結衣,Japanese 
林 真綾,Japanese 
鈴木 千代,Japanese 
藤原 さゆり,Japanese 
山口 零,Japanese 
遠藤 健一,Japanese 
太田 稔,Japanese 
井上 裕樹,Japanese 
佐藤 美加子,Japanese 
遠藤 涼平,Japanese 
佐々木 美加子,Japanese 
石川 舞,Japanese 
山崎 治,Japanese 
鈴木 桃子,Japanese 
林 加奈,Japanese 
斎藤 くみ子,Japanese 
山田 太郎,Japanese 
小林 翼,Japanese 
鈴木 亮介,Japanese 
鈴木 花子,Japanese 
田中 直樹,Japanese 
石川 あすか,Japanese 
佐々木 春香,Japanese 
清水 翔太,Japanese 
後藤 洋介,Japanese 
山崎 花子,Japanese 
遠藤 裕太,Japanese 
山本 春香,Japanese 
高橋 修平,Japanese 
橋本 翼,Japanese 
森 健一,Japanese 
岡田 京助,Japanese 
渡辺 知実,Japanese 
山崎 陽子,Japanese 
林 あすか,Japanese 
鈴木 修平,Japanese 
田中 翔太,Japanese 
太田 零,Japanese 
佐藤 京助,Japanese 
森 英樹,Japanese 
山口 裕樹,Japanese 
青木 加奈,Japanese 
福田 結衣,Japanese 
高橋 涼平,Japanese 
長谷川 くみ子,Japanese 
加藤 直子,Japanese 
池田 治,Japanese 
山本 拓真,Japanese 
加藤 千代,Japanese 
加藤 裕美子,Japanese 
佐藤 七夏,Japanese 
田中 亮介,Japanese 
吉田 千代,Japanese 
高橋 花子,Japanese 
坂本 くみ子,Japanese 
石川 陽子,Japanese 
斎藤 晃,Japanese 
藤原 結衣,Japanese 
石井 加奈,Japanese 
藤田 陽一,Japanese 
前田 修平,Japanese 
山田 くみ子,Japanese 
山本 直人,Japanese 
福田 淳,Japanese 
山下 くみ子,Japanese 
佐藤 里佳,Japanese 
森 裕美子,Japanese 
加藤 淳,Japanese 
石井 桃子,Japanese 
鈴木 くみ子,Japanese 
鈴木 美加子,Japanese 
田中 涼平,Japanese 
松本 千代,Japanese 
山崎 美加子,Japanese 
太田 くみ子,Japanese 
田中 京助,Japanese 
高橋 香織,Japanese 
山田 七夏,Japanese 
鈴木 零,Japanese 
佐々木 七夏,Japanese 
佐藤 結衣,Japanese 
井上 あすか,Japanese 
三浦 修平,Japanese 
山本 花子,Japanese 
渡辺 加奈,Japanese 
佐藤 康弘,Japanese 
中村 充,Japanese 
森 美加子,Japanese 
山下 健一,Japanese 
井上 裕樹,Japanese 
渡辺 英樹,Japanese 
佐藤 里佳,Japanese 
長谷川 直子,Japanese 
高橋 篤司,Japanese 
山本 加奈,Japanese 
小川 稔,Japanese 
斎藤 幹,Japanese 
鈴木 零,Japanese 
林 香織,Japanese 
山下 知実,Japanese 
近藤 翼,Japanese 
山本 和也,Japanese 
加藤 結衣,Japanese 
阿部 聡太郎,Japanese 
鈴木 太一,Japanese 
石川 零,Japanese 
山田 真綾,Japanese 
小林 真綾,Japanese 
鈴木 直人,Japanese 
坂本 くみ子,Japanese 
小林 千代,Japanese 
伊藤 太一,Japanese 
小林 陽一,Japanese 
伊藤 千代,Japanese 
中村 美加子,Japanese 
山下 和也,Japanese 
村上 智也,Japanese 
山田 さゆり,Japanese 
中村 加奈,Japanese 
渡辺 和也,Japanese 
前田 あすか,Japanese 
渡辺 健一,Japanese 
斎藤 健一,Japanese 
小林 零,Japanese 
山口 明美,Japanese 
橋本 裕太,Japanese 
井上 あすか,Japanese 
中村 真綾,Japanese 
鈴木 知実,Japanese 
中村 裕樹,Japanese 
鈴木 美加子,Japanese 
清水 太一,Japanese 
池田 春香,Japanese 
井上 晃,Japanese 
林 陽子,Japanese 
山本 舞,Japanese 
村上 京助,Japanese 
藤井 里佳,Japanese 
松田 太一,Japanese 
田中 稔,Japanese 
阿部 里佳,Japanese 
佐藤 学,Japanese 
田中 直人,Japanese 
加藤 晃,Japanese 
伊藤 くみ子,Japanese 
高橋 裕樹,Japanese 
中島 直子,Japanese 
山本 直樹,Japanese 
高橋 零,Japanese 
遠藤 涼平,Japanese 
岡田 花子,Japanese 
長谷川 浩,Japanese 
山本 英樹,Japanese 
山本 裕太,Japanese 
近藤 さゆり,Japanese 
吉田 結衣,Japanese 
藤田 結衣,Japanese 
山崎 くみ子,Japanese 
小林 美加子,Japanese 
池田 晃,Japanese 
佐藤 舞,Japanese 
長谷川 陽子,Japanese 
松本 洋介,Japanese 
中川 くみ子,Japanese 
高橋 美加子,Japanese 
山下 学,Japanese 
山口 亮介,Japanese 
山田 亮介,Japanese 
木村 太郎,Japanese 
井上 結衣,Japanese 
田中 千代,Japanese 
佐々木 直子,Japanese 
木村 淳,Japanese 
吉田 結衣,Japanese 
鈴木 明美,Japanese 
山本 さゆり,Japanese 
田中 加奈,Japanese 
中村 聡太郎,Japanese 
斎藤 千代,Japanese 
加藤 七夏,Japanese 
中川 さゆり,Japanese 
田中 舞,Japanese 
伊藤 あすか,Japanese 
後藤 知実,Japanese 
青木 康弘,Japanese 
藤原 健一,Japanese 
渡辺 京助,Japanese 
高橋 直子,Japanese 
吉田 陽子,Japanese 
森 零,Japanese 
井上 結衣,Japanese 
井上 翼,Japanese 
中村 里佳,Japanese 
渡辺 陽子,Japanese 
小林 結衣,Japanese 
渡辺 直子,Japanese 
渡辺 知実,Japanese 
阿部 稔,Japanese 
清水 七夏,Japanese 
鈴木 稔,Japanese 
渡辺 桃子,Japanese 
鈴木 裕樹,Japanese 
村上 加奈,Japanese 
佐々木 健一,Japanese 
小林 桃子,Japanese 
藤井 裕美子,Japanese 
山本 晃,Japanese 
長谷川 香織,Japanese 
吉田 裕太,Japanese 
林 千代,Japanese 
清水 結衣,Japanese 
加藤 洋介,Japanese 
藤田 零,Japanese 
藤田 幹,Japanese 
中村 直子,Japanese 
高橋 直樹,Japanese 
加藤 篤司,Japanese 
橋本 学,Japanese 
中島 知実,Japanese 
橋本 裕美子,Japanese 
鈴木 千代,Japanese 
鈴木 明美,Japanese 
坂本 淳,Japanese 
前田 亮介,Japanese 
清水 さゆり,Japanese 
藤原 陽一,Japanese 
森 亮介,Japanese 
前田 裕美子,Japanese 
松本 舞,Japanese 
中村 零,Japanese 
阿部 直人,Japanese 
中村 零,Japanese 
高橋 拓真,Japanese 
阿部 拓真,Japanese 
鈴木 和也,Japanese 
高橋 加奈,Japanese 
松田 加奈,Japanese 
橋本 千代,Japanese 
清水 直人,Japanese 
西村 知実,Japanese 
伊藤 直人,Japanese 
吉田 浩,Japanese 
福田 智也,Japanese 
高橋 陽一,Japanese 
福田 あすか,Japanese 
藤原 英樹,Japanese 
山口 七夏,Japanese 
伊藤 篤司,Japanese 
木村 学,Japanese 
中村 涼平,Japanese 
中村 さゆり,Japanese 
西村 裕太,Japanese 
太田 あすか,Japanese 
高橋 太一,Japanese 
鈴木 健一,Japanese 
田中 裕太,Japanese 
佐藤 舞,Japanese 
小川 学,Japanese 
林 篤司,Japanese 
中村 裕美子,Japanese 
山口 学,Japanese 
小林 美加子,Japanese 
近藤 陽一,Japanese 
佐々木 裕太,Japanese 
佐藤 智也,Japanese 
岡田 里佳,Japanese 
西村 和也,Japanese 
阿部 美加子,Japanese 
高橋 桃子,Japanese 
高橋 充,Japanese 
中村 篤司,Japanese 
田中 舞,Japanese 
小林 学,Japanese 
佐藤 直子,Japanese 
藤田 陽子,Japanese 
森 花子,Japanese 
高橋 知実,Japanese 
鈴木 和也,Japanese 
松田 京助,Japanese 
鈴木 零,Japanese 
中村 明美,Japanese 
佐藤 裕太,Japanese 
中島 陽子,Japanese 
阿部 稔,Japanese 
山本 美加子,Japanese 
高橋 里佳,Japanese 
井上 淳,Japanese 
松本 浩,Japanese 
三浦 直子,Japanese 
鈴木 充,Japanese 
山本 さゆり,Japanese 
鈴木 直子,Japanese 
小林 稔,Japanese 
前田 篤司,Japanese 
山本 修平,Japanese 
加藤 香織,Japanese 
吉田 陽子,Japanese 
鈴木 あすか,Japanese 
吉田 篤司,Japanese 
阿部 治,Japanese 
佐藤 学,Japanese 
青木 裕美子,Japanese 
斉藤 春香,Japanese 
吉田 あすか,Japanese 
藤井 加奈,Japanese 
斉藤 和也,Japanese 
鈴木 翔太,Japanese 
西村 太郎,Japanese 
松本 篤司,Japanese 
小林 智也,Japanese 
伊藤 さゆり,Japanese 
山本 さゆり,Japanese 
林 さゆり,Japanese 
藤原 拓真,Japanese 
清水 康弘,Japanese 
井上 陽子,Japanese 
山崎 美加子,Japanese 
後藤 太一,Japanese 
小林 裕太,Japanese 
鈴木 千代,Japanese 
太田 結衣,Japanese 
森 春香,Japanese 
中村 翔太,Japanese 
高橋 花子,Japanese 
西村 稔,Japanese 
福田 淳,Japanese 
佐藤 明美,Japanese 
鈴木 洋介,Japanese 
井上 裕美子,Japanese 
石川 香織,Japanese 
渡辺 健一,Japanese 
小林 加奈,Japanese 
松本 翔太,Japanese 
後藤 聡太郎,Japanese 
石川 美加子,Japanese 
佐藤 淳,Japanese 
鈴木 稔,Japanese 
鈴木 直人,Japanese 
伊藤 陽子,Japanese 
高橋 七夏,Japanese 
遠藤 裕樹,Japanese 
佐々木 花子,Japanese 
佐藤 英樹,Japanese 
小林 陽子,Japanese 
池田 充,Japanese 
鈴木 直子,Japanese 
吉田 美加子,Japanese 
伊藤 花子,Japanese 
伊藤 桃子,Japanese 
吉田 修平,Japanese 
小林 直人,Japanese 
佐藤 裕美子,Japanese 
中村 香織,Japanese 
橋本 涼平,Japanese 
林 陽子,Japanese 
山崎 幹,Japanese 
鈴木 春香,Japanese 
小川 春香,Japanese 
三浦 裕美子,Japanese 
加藤 健一,Japanese 
佐藤 結衣,Japanese 
斉藤 淳,Japanese 
松田 裕樹,Japanese 
池田 裕太,Japanese 
橋本 和也,Japanese 
橋本 洋介,Japanese 
山崎 篤司,Japanese 
佐々木 淳,Japanese 
岡田 淳,Japanese 
西村 学,Japanese 
小林 裕樹,Japanese 
佐々木 康弘,Japanese 
加藤 里佳,Japanese 
藤田 里佳,Japanese 
佐藤 裕樹,Japanese 
藤井 翼,Japanese 
村上 涼平,Japanese 
小林 太郎,Japanese 
岡田 裕美子,Japanese 
前田 里佳,Japanese 
井上 裕樹,Japanese 
藤原 聡太郎,Japanese 
鈴木 聡太郎,Japanese 
木村 さゆり,Japanese 
伊藤 晃,Japanese 
橋本 浩,Japanese 
林 亮介,Japanese 
中島 京助,Japanese 
井上 知実,Japanese 
斎藤 零,Japanese 
長谷川 充,Japanese 
中島 淳,Japanese 
小林 春香,Japanese 
鈴木 花子,Japanese 
斉藤 あすか,Japanese 
鈴木 裕美子,Japanese 
鈴木 くみ子,Japanese 
池田 亮介,Japanese 
山本 春香,Japanese 
林 加奈,Japanese 
鈴木 直人,Japanese 
佐藤 香織,Japanese 
石川 翔太,Japanese 
山本 知実,Japanese 
山口 翼,Japanese 
岡田 健一,Japanese 
小川 舞,Japanese 
橋本 裕太,Japanese 
木村 翔太,Japanese 
加藤 香織,Japanese 
井上 晃,Japanese 
佐藤 結衣,Japanese 
木村 陽子,Japanese 
加藤 加奈,Japanese 
山本 桃子,Japanese 
藤田 陽子,Japanese 
長谷川 和也,Japanese 
小川 あすか,Japanese 
松本 修平,Japanese 
佐々木 明美,Japanese 
高橋 翼,Japanese 
山本 真綾,Japanese 
斎藤 知実,Japanese 
小林 亮介,Japanese 
佐藤 淳,Japanese 
中村 舞,Japanese 
渡辺 香織,Japanese 
木村 充,Japanese 
藤井 直子,Japanese 
佐藤 篤司,Japanese 
田中 七夏,Japanese 
鈴木 淳,Japanese 
高橋 康弘,Japanese 
佐藤 翼,Japanese 
石井 真綾,Japanese 
小林 桃子,Japanese 
清水 稔,Japanese 
伊藤 真綾,Japanese 
石川 あすか,Japanese 
渡辺 健一,Japanese 
田中 桃子,Japanese 
井上 直子,Japanese 
山本 里佳,Japanese 
山崎 香織,Japanese 
伊藤 くみ子,Japanese 
藤田 桃子,Japanese 
石川 裕太,Japanese 
藤田 智也,Japanese 
加藤 陽一,Japanese 
佐藤 あすか,Japanese 
山田 晃,Japanese 
橋本 学,Japanese 
後藤 晃,Japanese 
高橋 七夏,Japanese 
中島 充,Japanese 
鈴木 涼平,Japanese 
加藤 真綾,Japanese 
清水 真綾,Japanese 
石川 春香,Japanese 
佐々木 太一,Japanese 
長谷川 涼平,Japanese 
林 くみ子,Japanese 
鈴木 聡太郎,Japanese 
吉田 陽子,Japanese 
山本 英樹,Japanese 
鈴木 淳,Japanese 
山本 裕美子,Japanese 
鈴木 香織,Japanese 
鈴木 淳,Japanese 
山下 幹,Japanese 
三浦 結衣,Japanese 
村上 香織,Japanese 
鈴木 健一,Japanese 
高橋 あすか,Japanese 
渡辺 美加子,Japanese 
鈴木 晃,Japanese 
小林 直人,Japanese 
佐藤 知実,Japanese 
斉藤 聡太郎,Japanese 
山田 智也,Japanese 
佐藤 直子,Japanese 
高橋 京助,Japanese 
田中 里佳,Japanese 
鈴木 智也,Japanese 
山口 直樹,Japanese 
加藤 美加子,Japanese 
岡田 七夏,Japanese 
岡田 千代,Japanese 
長谷川 陽一,Japanese 
田中 桃子,Japanese 
渡辺 陽子,Japanese 
後藤 直人,Japanese 
吉田 くみ子,Japanese 
鈴木 加奈,Japanese 
松本 加奈,Japanese 
伊藤 太一,Japanese 
鈴木 知実,Japanese 
佐藤 香織,Japanese 
田中 裕太,Japanese 
松本 香織,Japanese 
石川 直樹,Japanese 
山田 亮介,Japanese 
佐藤 知実,Japanese 
中村 七夏,Japanese 
伊藤 稔,Japanese 
山崎 真綾,Japanese 
近藤 香織,Japanese 
高橋 英樹,Japanese 
鈴木 零,Japanese 
鈴木 零,Japanese 
佐藤 明美,Japanese 
藤原 健一,Japanese 
山本 加奈,Japanese 
村上 亮介,Japanese 
三浦 篤司,Japanese 
伊藤 千代,Japanese 
森 舞,Japanese 
吉田 翔太,Japanese 
伊藤 健一,Japanese 
山本 香織,Japanese 
吉田 洋介,Japanese 
高橋 千代,Japanese 
高橋 浩,Japanese 
山崎 知実,Japanese 
伊藤 翼,Japanese 
井上 美加子,Japanese 
橋本 春香,Japanese 
鈴木 翼,Japanese 
加藤 桃子,Japanese 
渡辺 涼平,Japanese 
渡辺 篤司,Japanese 
坂本 翼,Japanese 
田中 陽子,Japanese 
藤井 康弘,Japanese 
岡本 七夏,Japanese 
石川 直子,Japanese 
西村 花子,Japanese 
松田 裕太,Japanese 
田中 裕太,Japanese 
佐々木 幹,Japanese 
伊藤 和也,Japanese 
高橋 洋介,Japanese 
田中 明美,Japanese 
遠藤 直子,Japanese 
高橋 晃,Japanese 
中村 真綾,Japanese 
高橋 亮介,Japanese 
田中 京助,Japanese 
加藤 篤司,Japanese 
青木 明美,Japanese 
小林 あすか,Japanese 
木村 あすか,Japanese 
渡辺 美加子,Japanese 
加藤 充,Japanese 
鈴木 千代,Japanese 
池田 知実,Japanese 
松本 桃子,Japanese 
佐藤 裕樹,Japanese 
山本 知実,Japanese 
清水 太郎,Japanese 
加藤 美加子,Japanese 
岡本 舞,Japanese 
鈴木 涼平,Japanese 
石井 裕太,Japanese 
西村 治,Japanese 
池田 結衣,Japanese 
田中 裕美子,Japanese 
清水 健一,Japanese 
太田 亮介,Japanese 
中村 康弘,Japanese 
斎藤 里佳,Japanese 
遠藤 裕樹,Japanese 
木村 京助,Japanese 
山田 桃子,Japanese 
佐藤 裕美子,Japanese 
鈴木 さゆり,Japanese 
後藤 舞,Japanese 
村上 春香,Japanese 
小林 あすか,Japanese 
西村 加奈,Japanese 
渡辺 京助,Japanese 
松本 太郎,Japanese 
山本 知実,Japanese 
木村 あすか,Japanese 
加藤 真綾,Japanese 
山本 陽子,Japanese 
渡辺 花子,Japanese 
鈴木 七夏,Japanese 
太田 加奈,Japanese 
井上 太郎,Japanese 
西村 学,Japanese 
岡本 幹,Japanese 
後藤 京助,Japanese 
太田 真綾,Japanese 
池田 太郎,Japanese 
伊藤 直樹,Japanese 
吉田 明美,Japanese 
清水 涼平,Japanese 
小川 千代,Japanese 
鈴木 翔太,Japanese 
鈴木 春香,Japanese 
高橋 翼,Japanese 
山下 くみ子,Japanese 
森 康弘,Japanese 
小川 香織,Japanese 
伊藤 真綾,Japanese 
佐藤 春香,Japanese 
佐藤 桃子,Japanese 
木村 亮介,Japanese 
石川 裕美子,Japanese 
中村 直樹,Japanese 
伊藤 拓真,Japanese 
山本 洋介,Japanese 
井上 康弘,Japanese 
近藤 さゆり,Japanese 
山崎 翼,Japanese 
渡辺 学,Japanese 
高橋 涼平,Japanese 
三浦 和也,Japanese 
岡田 美加子,Japanese 
吉田 あすか,Japanese 
山本 里佳,Japanese 
山口 直人,Japanese 
高橋 裕太,Japanese 
松本 康弘,Japanese 
西村 春香,Japanese 
佐藤 篤司,Japanese 
小林 聡太郎,Japanese 
中村 春香,Japanese 
渡辺 亮介,Japanese 
中村 涼平,Japanese 
佐々木 治,Japanese 
鈴木 裕太,Japanese 
斉藤 知実,Japanese 
森 修平,Japanese 
松本 舞,Japanese 
吉田 翔太,Japanese 
中川 香織,Japanese 
阿部 直樹,Japanese 
山口 くみ子,Japanese 
吉田 さゆり,Japanese 
鈴木 智也,Japanese 
山本 陽一,Japanese 
佐藤 里佳,Japanese 
山田 桃子,Japanese 
山本 亮介,Japanese 
岡田 幹,Japanese 
阿部 桃子,Japanese 
阿部 美加子,Japanese 
森 くみ子,Japanese 
松田 直人,Japanese 
佐藤 京助,Japanese 
中島 淳,Japanese 
田中 京助,Japanese 
山本 直子,Japanese 
青木 香織,Japanese 
中村 裕太,Japanese 
小林 和也,Japanese 
佐藤 加奈,Japanese 
吉田 京助,Japanese 
岡本 充,Japanese 
鈴木 太一,Japanese 
岡本 学,Japanese 
吉田 裕美子,Japanese 
遠藤 翼,Japanese 
石川 康弘,Japanese 
山田 花子,Japanese 
松田 幹,Japanese 
山本 春香,Japanese 
山本 智也,Japanese 
清水 治,Japanese 
石川 学,Japanese 
中島 あすか,Japanese 
田中 洋介,Japanese 
田中 陽子,Japanese 
高橋 裕樹,Japanese 
鈴木 千代,Japanese 
岡本 加奈,Japanese 
松本 智也,Japanese 
橋本 結衣,Japanese 
三浦 裕太,Japanese 
佐藤 翼,Japanese 
鈴木 美加子,Japanese 
前田 七夏,Japanese 
藤原 結衣,Japanese 
村上 知実,Japanese 
藤井 太郎,Japanese 
山本 稔,Japanese 
鈴木 拓真,Japanese 
後藤 明美,Japanese 
山口 治,Japanese 
伊藤 明美,Japanese 
佐藤 治,Japanese 
小林 太郎,Japanese 
小林 治,Japanese 
佐々木 舞,Japanese 
山口 太郎,Japanese 
佐藤 晃,Japanese 
高橋 直樹,Japanese 
坂本 洋介,Japanese 
高橋 太郎,Japanese 
伊藤 零,Japanese 
中村 幹,Japanese 
池田 篤司,Japanese 
佐藤 康弘,Japanese 
佐藤 篤司,Japanese 
山崎 直子,Japanese 
高橋 直子,Japanese 
前田 香織,Japanese 
田中 和也,Japanese 
加藤 春香,Japanese 
佐藤 直人,Japanese 
清水 裕美子,Japanese 
藤田 さゆり,Japanese 
石川 修平,Japanese 
山崎 七夏,Japanese 
坂本 あすか,Japanese 
佐藤 陽子,Japanese 
田中 直人,Japanese 
山口 学,Japanese 
佐藤 里佳,Japanese 
林 聡太郎,Japanese 
岡本 さゆり,Japanese 
藤井 直子,Japanese 
山本 直子,Japanese 
佐藤 裕太,Japanese 
中川 さゆり,Japanese 
前田 陽子,Japanese 
小林 あすか,Japanese 
渡辺 真綾,Japanese 
小川 明美,Japanese 
松本 零,Japanese 
藤原 晃,Japanese 
佐々木 結衣,Japanese 
渡辺 太郎,Japanese 
伊藤 拓真,Japanese 
森 翔太,Japanese 
加藤 太郎,Japanese 
鈴木 あすか,Japanese 
田中 太郎,Japanese 
森 涼平,Japanese 
石井 拓真,Japanese 
吉田 香織,Japanese 
吉田 淳,Japanese 
西村 翔太,Japanese 
井上 充,Japanese 
佐藤 裕樹,Japanese 
阿部 桃子,Japanese 
伊藤 結衣,Japanese 
清水 美加子,Japanese 
中島 結衣,Japanese 
井上 明美,Japanese 
高橋 七夏,Japanese 
西村 幹,Japanese 
中村 直樹,Japanese 
佐藤 裕美子,Japanese 
遠藤 淳,Japanese 
山本 翔太,Japanese 
前田 知実,Japanese 
中村 稔,Japanese 
伊藤 加奈,Japanese 
中村 英樹,Japanese 
山口 洋介,Japanese 
鈴木 治,Japanese 
鈴木 裕樹,Japanese 
斎藤 京助,Japanese 
鈴木 陽一,Japanese 
鈴木 修平,Japanese 
鈴木 陽子,Japanese 
太田 七夏,Japanese 
阿部 涼平,Japanese 
藤井 直樹,Japanese 
佐々木 充,Japanese 
佐藤 裕美子,Japanese 
井上 晃,Japanese 
佐々木 洋介,Japanese 
山崎 さゆり,Japanese 
岡田 あすか,Japanese 
坂本 健一,Japanese 
加藤 あすか,Japanese 
吉田 直子,Japanese 
山下 直人,Japanese 
伊藤 涼平,Japanese 
田中 七夏,Japanese 
鈴木 明美,Japanese 
吉田 明美,Japanese 
田中 康弘,Japanese 
清水 直子,Japanese 
松本 桃子,Japanese 
吉田 花子,Japanese 
吉田 くみ子,Japanese 
中川 知実,Japanese 
鈴木 香織,Japanese 
小林 千代,Japanese 
長谷川 桃子,Japanese 
後藤 治,Japanese 
岡田 里佳,Japanese 
山崎 浩,Japanese 
吉田 結衣,Japanese 
村上 智也,Japanese 
小川 真綾,Japanese 
鈴木 智也,Japanese 
山下 稔,Japanese 
木村 加奈,Japanese 
三浦 翼,Japanese 
石井 亮介,Japanese 
岡本 さゆり,Japanese 
Αρίσταρχος Καρανίκας,Greek 
Βέρα Δώρη,Greek 
Ρέα-Ναυσικά Λαλαούνη,Greek 
Ιοκάστη-Ηράκλεια Γαλανάκη,Greek 
Λήδα-Μελπομένη Φωτιάδου,Greek 
Αγαπητός Μασόπουλος,Greek 
Νταίζη-Σοφία Χατζηβλασίου,Greek 
Ευσέβιος-Βενιαμίν Ρέγκας,Greek 
Μαρίνα-Χριστόφιλη Κατσαφάδου,Greek 
Γκίκας Ρουσιανός,Greek 
Παναγιώτα Γκάβρου,Greek 
Γεσθημανή-Μαντώ Τσακαλάκου,Greek 
Ίων Μελιτσόπουλος,Greek 
Αφέντρα Παπανδρικοπούλου,Greek 
Όλγα Πέτση,Greek 
Φιλιώ-Σωζούσα Τσάτη,Greek 
Θεοδόσιος Λουπασάκης,Greek 
Τριαντάφυλλος Σκαρπέτας,Greek 
Θέμης Αλεξόπουλος,Greek 
Νικόδημος Σίδερης,Greek 
Κωνσταντίνος Καρακαστανιάς,Greek 
Βικτωρία Μπατζάνη,Greek 
Φλωρεντία Δρόσου,Greek 
Κρυστάλλης Ρόδης,Greek 
Αριστοτέλης Ζουκής,Greek 
Βελισσαρία Βαλσαμίδου,Greek 
Διαμαντής Τάρναρης,Greek 
Ήβη Πίσπα,Greek 
Καρυοφυλλιά Κοκκίνου,Greek 
Ιερεμίας Σγουρός,Greek 
Τίμων Σαουλίδης,Greek 
Ιφιγένεια Μυλωνίδου,Greek 
Ρεβέκα Μάντου,Greek 
Ευανθία Καρακώστα,Greek 
Ερωφίλη-Βησσαρία Γούλα,Greek 
Κρυστάλλης Βλαχονικολέας,Greek 
Σπυριδούλα Πορφυριάδου,Greek 
Χριστόδουλος Θωμόπουλος,Greek 
Νικόδημος Γεωργαλής,Greek 
Αφροδίτη Καραμάνη,Greek 
Ανδριανή Γεωργούλα,Greek 
Λουλουδένια Καλούδη,Greek 
Αδάμ Μπαγανάς,Greek 
Τιμόθεος Τριβέλλας,Greek 
Δικαία Κολαΐτου,Greek 
Κλυταιμνήστρα Μιχελακάκη,Greek 
Αριστοφάνης Πουλογιαννόπουλος,Greek 
Ορφέας Βασιλάκης,Greek 
Παράσχος Παπαπανός,Greek 
Βικέντιος Χαρισιάδης,Greek 
Κόσμια-Μαλαμάτη Δαρδιώτη,Greek 
Αυγή-Ελευθερία Καπουρνιώτη,Greek 
Παυσανίας-Κώστας Γρετός,Greek 
Αθηναγόρας Λιόλιος,Greek 
Λάμπρος Κατσιλής,Greek 
Μαυροειδής Μπαντής,Greek 
Κλειώ Τσανάκα,Greek 
Μηνάς Χέλιος,Greek 
Μιχάλης Τζεβελέκος,Greek 
Νεοκλής Αναστασίου,Greek 
Αρίσταρχος Θωμάς,Greek 
Ιγνάτιος Κουτσούρας,Greek 
Αντωνία Αναστασάκη,Greek 
Φλωρεντία Τσουνάκου,Greek 
Μιχαήλ Κυριακίδης,Greek 
Ινώ Ταυλαρίδου,Greek 
Αθηναγόρας Κυριακάκης,Greek 
Θεόφραστος Καραδήμος,Greek 
Έλλη Κουκουθάκη,Greek 
Πανορμίτης Μπότης,Greek 
Φρειδερίκη Μισίδου,Greek 
Πάρις Ακριώτης,Greek 
Πολύβιος Στεργιαλής,Greek 
Ζαφείρης Ευαγγελάτος,Greek 
Αργύριος Λιβανός,Greek 
Καλυψώ-Ανδριανή Δρόσου,Greek 
Ιακωβίνα-Ευσταθία Βλαχοδήμου,Greek 
Βησσαρία Αντωνάκη,Greek 
Φιλήμων Μπότης,Greek 
Ανθούλης-Βαλεντίνος Κουλίδης,Greek 
Διαμαντούλα Καχριμανίδη,Greek 
Κερασιά Φραγκιαδάκη,Greek 
Χρυσόστομος Κωτσίδης,Greek 
Νεόκλεια Μιχαλάρου,Greek 
Δράκων Παλλάς,Greek 
Παναγιώτης Πατμανίδης,Greek 
Σιρανούς-Μίνωας Κελλάρης,Greek 
Ρίζος Ζουλούμης,Greek 
Πανορμίτης Κακατσός,Greek 
Προκόπιος Φούσκας,Greek 
Μελέτιος-Φωκίων Μάργαρης,Greek 
Αρτέμιος-Φρειδερίκος Κουράκος,Greek 
Δικαία-Εριέτα Διοπούλου,Greek 
Ρίζος-Κυπριανός Τσατσάνης,Greek 
Στυλιανή Ασσαργιωτάκη,Greek 
Ανθούλης Βάρσος,Greek 
Γκόλφω Τσαμπαλή,Greek 
Φλοριάντ Σολακούδης,Greek 
Παναγιώτης Κατσιγιάννης,Greek 
Χιονιά Τσάκη,Greek 
Ντανιέλα Γεωργιάδου,Greek 
Σεβαστή-Φιλίππα Νατσουλή,Greek 
Παναγιώτα Πατσουρέα,Greek 
Ρουμπίνη Τουλάκη,Greek 
Πολυτίμη Παρασκευά,Greek 
Ζωή-Γλαύκη Ρωμαίου,Greek 
Κρυσταλλένια Ασσαργιωτάκη,Greek 
Ροδόφλος-Ζαχαρίας Καρατζαφέρης,Greek 
Χριστιάνα Ντόβα,Greek 
Θέμις Ζαννίκου,Greek 
Κυριαζής Παπαροϊδάμης,Greek 
Γερακίνα-Κλεονίκη Καρακωνσταντινού,Greek 
Τιμόθεος Νάστος,Greek 
Απόστολος Μόναχας,Greek 
Μαγδαληνή Παπανδρέου,Greek 
Ζαφείρης Τακαντζάς,Greek 
Απόλλων-Ζαχαρίας Λώλος,Greek 
Ιοκάστη Αργυρίου,Greek 
Απόλλων Βαρδάκης,Greek 
Εμμανουέλα-Παγώνα Καπουρνιώτη,Greek 
Βικτωρία Πολατίδου,Greek 
Μαγδαληνός Καραντζόπουλος,Greek 
Παρθένα Συβιλιά,Greek 
Φιλίππα-Συμεώνη Κατσιμάλη,Greek 
Θεολόγος Ζώτος,Greek 
Κύρος Σπαθόπουλος,Greek 
Ανθή Νατσουλή,Greek 
Φιλομήλα Ρωμαίου,Greek 
Κυριακή Θεοδωροπούλου,Greek 
Πολυζώης Αντωνάκος,Greek 
Χρυσαυγή Νταγκαλή,Greek 
Λέων Μαζαράκης,Greek 
Σεραφείμ Ζτούκος,Greek 
Δημοκράτης-Δράκων Κατσαρός,Greek 
Αυξέντιος Συρρής,Greek 
Εριέτα Τρομπούκη,Greek 
Περσεφόνη Κάκκα,Greek 
Κοραλία Κουλαουσάρη,Greek 
Αριστόβουλος Μωραΐτης,Greek 
Θέκλα Τζιόβα,Greek 
Αγόρω Γαβριήλ,Greek 
Κάρολος Κουκλατζής,Greek 
Ιερόθεος Τυράλης,Greek 
Ευρύκλεια Τσουνάκου,Greek 
Βλάσιος Ραχμανίδης,Greek 
Θεοδόσης Θεολόγος,Greek 
Μαυρίκιος Καζανόπουλος,Greek 
Αυξέντιος Φωτόπουλος,Greek 
Υάκινθος Περάκης,Greek 
Πίνδαρος Νούσης,Greek 
Ιωνάς Δουκάς,Greek 
Παύλος Καζανόπουλος,Greek 
Χρυσόστομος-Ευτύχιος Φωκαδελής,Greek 
Αθηναγόρας Αραμπατζής,Greek 
Αριστομένης Μακρυγιάννης,Greek 
Πασχαλιά Δουλγεράκη,Greek 
Ροδόφλος Κυμπάρης,Greek 
Νεοκλής Καρτάς,Greek 
Φρειδερίκος Μπαλάσκας,Greek 
Κώστας Κουτσουλής,Greek 
Αχιλλέας Τσακμάκης,Greek 
Ερατώ Πουλή,Greek 
Παντελής Πατελής,Greek 
Πλάτων-Ορφέας Κωστάκης,Greek 
Ευτύχιος Μαυρογονάτος,Greek 
Θεολόγος Πουλογιαννόπουλος,Greek 
Κρυστάλλης Νικητόπουλος,Greek 
Αντίγονος Κοττίκας,Greek 
Λάζαρος Σεβδάς,Greek 
Αγάθη-Μάρθα Παπαγεωργίου,Greek 
Εμμανουέλα Δημητριάδου,Greek 
Φιλοθέη Σακκή,Greek 
Χρυσαυγή Γιαννακουδάκη,Greek 
Αταλάντη Μίχου,Greek 
Χαρά Τζάγκα,Greek 
Νίκανδρος Χριστόπουλος,Greek 
Δράκων Παπαγιαννόπουλος,Greek 
Αστέριος Γρίβας,Greek 
Ευμένιος Βουτσελας,Greek 
Χριστόφιλη Δουλγεράκη,Greek 
Κλειώ Μεξή,Greek 
Μαρίνα Χονδρούδη,Greek 
Κορνήλιος Βάρσος,Greek 
Πανταζής Κουμιώτης,Greek 
Κλαίρη Τσίμη,Greek 
Ευδοξία Δερλώπα,Greek 
Γαρυφαλλιά Μαυρίδου,Greek 
Ασπασία-Καρυοφυλλιά Πορφυριάδου,Greek 
Ράλλης Κατσιλής,Greek 
Ειρήνη-Εύα Γούλα,Greek 
Βενέτιος Βαβουράκης,Greek 
Ανδρομάχη Καραογλάνη,Greek 
Θέμις Τραγούστη,Greek 
Νίκανδρος-Παράσχος Δουλάμης,Greek 
Αγαθάγγελος Αργυρόπουλος,Greek 
Μαριγώ-Πηγή Βαβάση,Greek 
Αγάθη Καλέμη,Greek 
Ιορδανία-Ρεγγίνα Δελή,Greek 
Ηλιάνα Κάκκα,Greek 
Ήρα Ματσούρη,Greek 
Σταμάτιος Τσαλαμάνδρης,Greek 
Μαρκέλλα Καπνιά,Greek 
Μάριος Σοφιανός,Greek 
Σταύρος Σιδηρόπουλος,Greek 
Χρίστος Χουλιάρας,Greek 
Πασχάλης Μουτουσίδης,Greek 
Βαρσαμία Βουτσινά,Greek 
Πολυξένη Πουλίδα,Greek 
Νίκανδρος Τζαβέλλας,Greek 
Παντελής Ευαγγελάτος,Greek 
Αδάμ Δινεζάκης,Greek 
Μικές Σιώρης,Greek 
Ζησούλα-Θεοφίλη Κατσαντώνη,Greek 
Ρεβέκα Μαστρογιαννίδου,Greek 
Σπυρίδων Χουντής,Greek 
Τσαμπίκος Ευταξιάς,Greek 
Ζηνόβιος-Μιλτιάδης Καταραχιάς,Greek 
Κρυσταλλένια Λαλαούνη,Greek 
Φλωρίνα Κοκκίνου,Greek 
Αργύριος Κούτρης,Greek 
Κυριαζής Νάστος,Greek 
Πολυνίκη Πάντζιου,Greek 
Κώστας Τερζής,Greek 
Χριστόδουλος Αποστολόπουλος,Greek 
Στεργιανή Χρυσάφη,Greek 
Άννα Κουτουζίδου,Greek 
Μαυρούδης Τζουβέλης,Greek 
Κρυστάλλης Φουτσιτζής,Greek 
Ευλαμπία Χατζή,Greek 
Σωφρονία Καψή,Greek 
Ταξιάρχης Μπερμπατιώτης,Greek 
Ελπίδα-Δούκισσα Ψυρρή,Greek 
Ιοκάστη Δημητρέλου,Greek 
Μαργαρίτα Παπαστεργίου,Greek 
Σπυράννα Τσιπλίκωφ,Greek 
Ασημίνα Αλεξοπούλου,Greek 
Άνθιμος Κατιρτζής,Greek 
Χρυσοβαλάντω Συρμού,Greek 
Άρης Μασγαλάς,Greek 
Βελισσάριος Κουλίδης,Greek 
Ανατολή Λιολιοπούλου,Greek 
Ζαμπέτα-Φιλοθέη Καραογλάνη,Greek 
Ηώ-Υβόννη Μαγκαφοπούλου,Greek 
Ρεβέκκα Καραγιάννη,Greek 
Χρυσόστομη-Χρυσαφένια Ξανθοπούλου,Greek 
Πύρρος Πολυζωάκης,Greek 
Νικηφόρος Καραλής,Greek 
Θεοφύλακτος Γαρυφαλίδης,Greek 
Ανάργυρος Αντωνόπουλος,Greek 
Μιράντα-Χάρη Βαβάση,Greek 
Φανουρία Σαπρίκη,Greek 
Ακριβός-Ιγνάτιος Παππάς,Greek 
Τζένη Αδαμοπούλου,Greek 
Περικλεία Γκάβρου,Greek 
Χρυσοβαλάντω Κίτσου,Greek 
Θεοχαρούλα Καρακώστα,Greek 
Μάριος Χατζησαββίδης,Greek 
Λήδα Χαλκίδου,Greek 
Άγγελος Ρουπακάς,Greek 
Ιγνάτιος Κουτσογιάννης,Greek 
Φραντζέσκα Ζιάρα,Greek 
Καλλίνικος Δανιηλίδης,Greek 
Αγόρω Δαΐκου,Greek 
Βάιος-Αλέξιος Χιτός,Greek 
Γαρύφαλλος Κεσεμίδης,Greek 
Μαλαματένια Νατσουλή,Greek 
Μαύρα-Παντούλα Καραμάνη,Greek 
Πίνδαρος Μανιώτης,Greek 
Ισμήνη Μπλιατσίου,Greek 
Καλλιόπη Ντριβαλά,Greek 
Θαλασσινή Λιάνου,Greek 
Αντιγόνη Σπανίδου,Greek 
Διομήδης Κατσιγιάννης,Greek 
Κορνήλιος-Κώστας Σπορδιλής,Greek 
Ξενοφών Χαβρεδάκης,Greek 
Πρόδρομος-Ταξίαρχος Γαρυφαλίδης,Greek 
Αννίκα Μαρτζούκου,Greek 
Ηλίας-Νικήτας Τσακανίκας,Greek 
Γεώργιος Γρατσιάς,Greek 
Βαλεντίνος Καναβός,Greek 
Φωκίων Σάτλας,Greek 
Ανανίας Καλαπόδης,Greek 
Αρχιμήδης Θεολόγος,Greek 
Λευκοθέα Λίτσιου,Greek 
Λεονάρδος Μάρρας,Greek 
Δαμασκηνός Αθανασόπουλος,Greek 
Δάφνη Σταθά,Greek 
Κυριακή Κωνσταντοπούλου,Greek 
Ξανθίππη Καραγιάννη,Greek 
Αριστοτέλης Πουλογιαννόπουλος,Greek 
Ρεβέκκα Βαρθαλίτη,Greek 
Ρίζος-Θησεύς Σμπρίνης,Greek 
Ανδρομάχη Τρομπούκη,Greek 
Ιάσων Αλεξόπουλος,Greek 
Δαμιανός Πολυχρονίδης,Greek 
Σάρρα Δημοπούλου,Greek 
Ματθαίος Παπαθανασίου,Greek 
Χαρίκλεια Σιμιτζή,Greek 
Ευπραξία Γεωργουλάκη,Greek 
Λογοθέτης Κουβάς,Greek 
Ναταλία Ζαρζάνη,Greek 
Δημήτρης Τζανουδάκης,Greek 
Θεοτόκης Παρασκευόπουλος,Greek 
Ήλια Πέττα,Greek 
Αιμιλία Τόγια,Greek 
Ευτυχία Σπανοχριστοδούλου,Greek 
Στέλλα Χιωτίδου,Greek 
Καλλιόπη-Θεοδώρα Κουτσούμπη,Greek 
Κωνσταντίνος Ράλλης,Greek 
Αγάπη Κατσούλα,Greek 
Βησσαρίων Χριστοδουλάκης,Greek 
Κομνηνός Δουράνης,Greek 
Λυδία Τζιγκούρα,Greek 
Αμβρόσιος-Αθηναγόρας Αγγελίδης,Greek 
Ιούλιος Ντουλιάς,Greek 
Σταματίνα Καρανασίου,Greek 
Αρχοντία Κοκκινίδου,Greek 
Σαράντης Σδραλλής,Greek 
Αχιλλέας Αξαόπουλος,Greek 
Μεγακλής Καπούνης,Greek 
Πύρρος-Νεοκλής Μαρακάς,Greek 
Σταμάτης Πίτσης,Greek 
Πολύβια Βαμβουκάκη,Greek 
Άνθιμος Σμαρδάς,Greek 
Κύρος Τυράλης,Greek 
Παναγία Λιολιοπούλου,Greek 
Ευκλείδης-Μένανδρος Δουμάς,Greek 
Κονδυλία Μπαλαμπάνη,Greek 
Θεόδουλος Ντουλιάς,Greek 
Αντύπας Κελλάρης,Greek 
Μαργαρίτα Κονιάρη,Greek 
Ελισσαίος Παπαθανασίου,Greek 
Ιουλία Μαρτιάδου,Greek 
Ζαφειρία Γκάβρου,Greek 
Αριστοτέλης Μπέκος,Greek 
Παρασκευή Τσαμοπούλου,Greek 
Ιγνάτιος Τσακμάκης,Greek 
Ιακωβίνα Παρασκευά,Greek 
Νίκανδρος Καρακάξης,Greek 
Τσαμπίκος Πικούνης,Greek 
Ζωή Σαμτανίδου,Greek 
Έλλη Τσακαλάκου,Greek 
Ευρυδίκη Κοτσινά,Greek 
Ευγενία Φυτιλή,Greek 
Πιερρίνα-Ρωξάνη Τριφτανίδου,Greek 
Κώστας Πικρός,Greek 
Καλυψώ-Θηρεσία Χριστοπούλου,Greek 
Ξανθός Φιλιππάκης,Greek 
Άννα Τσαχάκη,Greek 
Ιουλία Χασάπη,Greek 
Αργύριος Τζιόρτζιος,Greek 
Σωτήριος Στεργιαλής,Greek 
Αγνή Κουτσουνάκη,Greek 
Σώζων Ανδριόπουλος,Greek 
Διογένης Σουρμπής,Greek 
Επαμεινώνδας Γεωργαλάς,Greek 
Πολύμνια Μπαλλή,Greek 
Βασιλική-Γιολάντα Βαΐου,Greek 
Κίμων Βασιλάκης,Greek 
Σταμάτιος Καπατσώρης,Greek 
Ξένη Νάσσου,Greek 
Μιλτιάδης Γκανάτσιος,Greek 
Λεονάρδος Σύκας,Greek 
Σαράντης Γρατσιάς,Greek 
Ευτέρπη Τουλάκη,Greek 
Κίμων Χατζησαββίδης,Greek 
Χαρίλαος Νταβάς,Greek 
Ιάκωβος Γεωργακόπουλος,Greek 
Παναγιώτα Παντίσκα,Greek 
Κοσμάς Εμπορόπουλος,Greek 
Ισαβέλλα Καρολίδου,Greek 
Δημοκράτης-Πανταζής Ματσούκας,Greek 
Αφροδίτη Κόλλια,Greek 
Ρεβέκκα Τσαμτσούρη,Greek 
Ελισάβετ Σεμπέπου,Greek 
Στέλλα Βραδή,Greek 
Ίων Μιχαλέλλης,Greek 
Λέων-Αύγουστος Μποφός,Greek 
Νικήτας-Αγαθάγγελος Πιπεράκης,Greek 
Νεκταρία Λεπίδα,Greek 
Ερμόλαος Ζούνης,Greek 
Πολύβιος Μηλιώρης,Greek 
Θεόδωρος-Ιωσήφ Αναστασίου,Greek 
Μαριγώ Γραμμένου,Greek 
Βαλέρια Σαριδάκη,Greek 
Σπάρτη Δουκίδου,Greek 
Περικλής Γκιολδελής,Greek 
Ζήνων-Ανδροκλής Ανδριόπουλος,Greek 
Τσαμπίκος Σμπρίνης,Greek 
Τζανέτος Κουκουβίνος,Greek 
Νίκη Μποζίκη,Greek 
Μηνάς Μάστορας,Greek 
Αριστόβουλος-Βενέτιος Χουχουλής,Greek 
Αθηνοδώρα Σιμητοπούλου,Greek 
Ναταλία Πιπερίδη,Greek 
Ευκλείδης Βούλγαρης,Greek 
Φρειδερίκος Ρωμαίου,Greek 
Βενέτιος-Λεμονής Τζουβέλης,Greek 
Χαρίλαος Ζαφείρης,Greek 
Πολύβια Δημτσούδη,Greek 
Ταξίαρχος Πολυζωάκης,Greek 
Χρυσάνθη Φασατάκη,Greek 
Κλεάνθης Κιούσης,Greek 
Ευφροσύνη Φλασκή,Greek 
Σωτηρία Καχριμανίδη,Greek 
Βαλεντίνος Χέλιος,Greek 
Δημήτριος Κωστίδης,Greek 
Κύρος Χατζόπουλος,Greek 
Ιουλιανός-Βαρσάμος Μάνδρος,Greek 
Βαρσαμία Δαυίδ,Greek 
Γιώργος Πανούσης,Greek 
Θουκυδίδης Γιαννάκης,Greek 
Φωκάς Γιαννέλος,Greek 
Τριαντάφυλλος Παρασκευόπουλος,Greek 
Μαρτίνος Παπαδημητριάδης,Greek 
Κλεονίκη Βαλεντή,Greek 
Σπυράννα-Αγαθή Πουλίδα,Greek 
Δρόσος Αλαφάκης,Greek 
Ιακωβίνα Αλεξανδράκη,Greek 
Αίας Λιανάκης,Greek 
Έξαρχος Δεσύλλας,Greek 
Νεοκλής Κοντοκώστας,Greek 
Κορνηλία Μπατσάκη,Greek 
Πέτρος Καρανασίου,Greek 
Σταυρούλα-Ευδοξία Τσουκιά,Greek 
Βασίλειος Καλαμαράκης,Greek 
Πρόδρομος Χρυσοβέργης,Greek 
Θεοφάνης Μιχαηλίδης,Greek 
Ναπολέων Σικαλίδης,Greek 
Πωλίνα Αρσενάκη,Greek 
Δράκων Μακρυγιάννης,Greek 
Σουλτάνα Δούβαλη,Greek 
Γκίκας Χουχουλής,Greek 
Ευδόξιος Μαμμής,Greek 
Βαρσαμία Κονιάρη,Greek 
Ανδροκλής Δόσης,Greek 
Σαλώμη Σύψα,Greek 
Αρτέμιος-Ζαχαρίας Καρανασίου,Greek 
Βερονίκη Λυρή,Greek 
Τιμοθέα Καρακυρίου,Greek 
Δημόκριτος Λάτσκος,Greek 
Σώζων Τάσιος,Greek 
Ανθή Μιλέα,Greek 
Καλλιρόη Μαυροείδη,Greek 
Ταξίαρχος Σαλίχος,Greek 
Βαρσάμος Πορίχης,Greek 
Ευδοξία Κουτσιουμάρη,Greek 
Λουδοβίκος Γιαννακόπουλος,Greek 
Δαβιδούλα-Γλυκερία Πέττα,Greek 
Μαυροειδής Θεοχάρης,Greek 
Λαυρέντιος Γιαπατζής,Greek 
Ακρίτας Δρακάκης,Greek 
Μόσχα Πίσπα,Greek 
Σταμάτης-Αργύριος Καμποσάκης,Greek 
Φανουρία Γεωργαρά,Greek 
Βασίλης Νούσης,Greek 
Φωκάς Καράνης,Greek 
Όθων-Αιμίλιος Καλαμάρας,Greek 
Γιαννούλα Κασκαούτη,Greek 
Πελαγία Ποσάντζη,Greek 
Βασιλεία Παπαδημητροπούλου,Greek 
Πασχάλης-Ιωσήφ Κωστάκης,Greek 
Ηλίας Βαλαβάνης,Greek 
Ίων Μαυρομμάτης,Greek 
Μηλιά Χριστοφόρη,Greek 
Κλεόπας Δάρας,Greek 
Δανάη Κυρούδη,Greek 
Αμφιτρίτη Τσαμπούρη,Greek 
Τρυφωνία Γιαννοπούλου,Greek 
Τσαμπίκος Βολικάκης,Greek 
Κομνηνός-Μηνάς Καρυπίδης,Greek 
Ναθαναήλ-Ευστράτιος Φουσιέκης,Greek 
Γεωργία Στεφάνου,Greek 
Ιάσων Τολούδης,Greek 
Θεμιστόκλεια Τσαμπαλή,Greek 
Ανθούλης Μπούκος,Greek 
Αλκμήνη Κοτρώτσου,Greek 
Λουδοβίκος Ανδρουλάκης,Greek 
Σεμίνα Μουτζούρη,Greek 
Λεμονιά Λίτσιου,Greek 
Τρισεύγενη Πάνου,Greek 
Κρινιώ Χαλβατζή,Greek 
Ευάγγελος Ζολώτας,Greek 
Νεοκλής Σδραλλής,Greek 
Αντύπας Ορφανιώτης,Greek 
Ανδρόνικος Γρατσιάς,Greek 
Αφέντρα Τζιγκούρα,Greek 
Βικέντια Ιωσηφίδου,Greek 
Κωστούλα Χαραλαμπίδου,Greek 
Ροδόκλεια Αγγελάκη,Greek 
Νεκτάριος Σπάλας,Greek 
Φοίβη Μπαρκούτα,Greek 
Συμεώνη-Σωφρονία Μπακοστεργίου,Greek 
Φλοριάντ-Πανορμίτης Ευστρατόπουλος,Greek 
Οδυσσεύς Παπαευαγγελίου,Greek 
Βαλάντης Μαντζώρος,Greek 
Ευσέβιος Κατσίφος,Greek 
Αμφιτρίτη Βαρθαλίτη,Greek 
Πολύκαρπος Ζενεμπίσης,Greek 
Αριστομένης Καλαπόδης,Greek 
Ευρυδίκη Πάντου,Greek 
Νίκανδρος Καράμπας,Greek 
Παρθένα Γρηγορίου,Greek 
Γιασεμή Χατζή,Greek 
Διονύσιος Σκρίμπας,Greek 
Μυρτώ Ενωτιάδη,Greek 
Υάκινθος Θηβαίος,Greek 
Διαλεκτή Σωτηροπούλου,Greek 
Βελισσάριος Κωστόπουλος,Greek 
Ρήγας Κουμιώτης,Greek 
Θεοφάνης Κομπολιάς,Greek 
Αγαθάγγελος Βούλκος,Greek 
Ναταλίνα Δερλώπα,Greek 
Περιστέρα Προύβα,Greek 
Ρηγούλα Καρβέλη,Greek 
Ήλια Κυρούδη,Greek 
Μαγδαληνή Κεσκίνη,Greek 
Φεβρωνία Ζαχαρίου,Greek 
Μελέτιος-Ιωακείμ Μπλανάς,Greek 
Ρηγούλα Καρατάσου,Greek 
Αθανάσιος Ζώνιος,Greek 
Αννίκα Βαβάση,Greek 
Ιερεμίας Μόναχας,Greek 
Διαμαντούλα Τσαμπαλή,Greek 
Πύρρος-Δωρόθεος Σαραφίδης,Greek 
Χάρη-Ελπίς Δρόσου,Greek 
Αιμίλιος Κοντάκος,Greek 
Αποστολία Δαμαλά,Greek 
Κλήμης Μαστρογιάννης,Greek 
Αριστόβουλος Ραδοβάλης,Greek 
Χαρίτος Χατζηγρηγοράκης,Greek 
Στεργιαννώ Μπαλτατζή,Greek 
Ανανίας Βακαλάκης,Greek 
Ήλια Πίσπα,Greek 
Στεργιαννώ Σκυλογιάννη,Greek 
Αθηναγόρας Μαντάς,Greek 
Τιμοθέα Μπαλλή,Greek 
Θεόπιστος Μανίκας,Greek 
Θεοπίστη Χορτάτου,Greek 
Δαμιανή Μάλαμα,Greek 
Γαληνός Γουργουλής,Greek 
Ασημής Χατζησάββας,Greek 
Ευανθία Χανταμπή,Greek 
Δομήνικος-Πολύδωρος Λυμπέρης,Greek 
Απόστολος Μίσχος,Greek 
Ορέστης Σγουρός,Greek 
Δάφνη Κανελή,Greek 
Ιοκάστη Καρατάσου,Greek 
Γαλάτιος Μαντζουράνης,Greek 
Δαμασκηνή Δαΐκου,Greek 
Αριστοφάνης Σαουλίδης,Greek 
Κωνσταντίνα-Περιστέρα Χρυσάφη,Greek 
Φανουρία-Φωτεινή Χρονοπούλου,Greek 
Αμφιτρίτη Σκαβέντζου,Greek 
Αυγουστίνα Κουκουβά,Greek 
Αγνή-Μαντώ Ξενάκη,Greek 
Ελένη Μπακοστεργίου,Greek 
Βαρσαμία Μπαφέρα,Greek 
Ευσεβία Βακουφτσή,Greek 
Πανταζής Τσέας,Greek 
Δροσιά Μπότζα,Greek 
Ειρηναίος Ρόδης,Greek 
Κορνήλιος-Λεμονής Μπέκος,Greek 
Ελέσσα Παπανικολάου,Greek 
Θεώνη Κωτσιονοπούλου,Greek 
Ίκαρος-Παντελεήμων Δερμιτζάκης,Greek 
Δρόσος Ορφανάκης,Greek 
Λουίζα Παπανώτα,Greek 
Γαβριήλ-Δημόκριτος Μωραΐτης,Greek 
Ασημούλα Σταμέλου,Greek 
Χάρις Χριστόπουλος,Greek 
Θεοτόκης Γκουτζαμάνης,Greek 
Ερωτόκριτος-Παναγιώτης Στοφοριάδης,Greek 
Σουμέλα-Αλίκη Μπαλλή,Greek 
Ρεβέκκα Σελινοπούλου,Greek 
Ροδιά Τριανταφύλλου,Greek 
Νίκανδρος Ραφιός,Greek 
Μόσχα Κουζουλά,Greek 
Μαυρίκιος Τσατσάνης,Greek 
Κατερίνα Παπανικολάου,Greek 
Ορέστης Κονιδάρης,Greek 
Χριστιάνα Μασαούτη,Greek 
Θεώνη Γραμμένου,Greek 
Ιορδανία-Αλεξάνδρα Ζώη,Greek 
Μαγδαληνή Τσουνάκου,Greek 
Ορφέας Γουργουλής,Greek 
Πολυχρονία Οικονομοπούλου,Greek 
Αλίκη-Ίρις Μπιμπίρη,Greek 
Φρειδερίκος Ζηδιανάκης,Greek 
Μένανδρος-Ματθαίος Καρατζίκος,Greek 
Ελένη-Φιλαρέτη Γιαννοπούλου,Greek 
Στέλλιος Σδραλλής,Greek 
Ανθούλα Τσιούπρα,Greek 
Βαρδής Βιδαλάκης,Greek 
Φωκάς Γιώτης,Greek 
Χαρίτος Ψάλτης,Greek 
Ασημούλα Κυρκούδη,Greek 
Έξαρχος Δρακόπουλος,Greek 
Ανάργυρη Λέκκα,Greek 
Λεονάρδος Γαρουφαλής,Greek 
Φιλομήλα Σκρεμμύδα,Greek 
Φρειδερίκη Μασιάλα,Greek 
Αντίπατρος Καρατζαφέρης,Greek 
Βασιλική Γεωργιάδου,Greek 
Σαββούλα Τσαμτσούρη,Greek 
Αρετή Κωτσιονοπούλου,Greek 
Βάιος Σίδερης,Greek 
Δημήτριος Δημητρόπουλος,Greek 
Αριστέα Ρέππα,Greek 
Ιωνάς Καρυπίδης,Greek 
Ερασμία-Μόσχα Χαμαλίδου,Greek 
Φωτεινός Ραγκούσης,Greek 
Γεσθημανή Χατζή,Greek 
Ρεβέκκα Κατσανίκου,Greek 
Κομνηνή Δημακογιάννη,Greek 
Πελοπίδας Περράκης,Greek 
Αγησίλαος Μπραζιώτης,Greek 
Παρέσσα-Πολυξένη Ιωακειμίδου,Greek 
Ευθαλία Παλαιολογοπούλου,Greek 
Καλυψώ Γεωργιάδου,Greek 
Ελένη Τσιομπάνη,Greek 
Αγαθοκλής Φιλιππάκης,Greek 
Ρωξάνη Πολίτου,Greek 
Καλλιρόη Θεοδοσίου,Greek 
Κλεάνθης Δέλιος,Greek 
Λεμονιά Σκούμπρου,Greek 
Πολυνίκη Πετρίδου,Greek 
Χαρίλαος-Αντύπας Καλαπόδης,Greek 
Κορνήλιος Κτενίδης,Greek 
Δημοσθένης-Ανάργυρος Περράκης,Greek 
Ερμής Κίσσας,Greek 
Ακριβός Τζιώτζης,Greek 
Ηλίας Εσπερίδης,Greek 
Φώτιος Τσουκνίδας,Greek 
Αγησίλαος Τσιαμούρας,Greek 
Θεόδωρος Πολυζωάκης,Greek 
Μερόπη Ζυγούρη,Greek 
Κομνηνός Κιούσης,Greek 
Ευθαλία Καλλιάνταση,Greek 
Σταματίνα Κεσκίνη,Greek 
Πραξιτέλης Τσέγας,Greek 
Άρτεμις Ροδίτου,Greek 
Ζηνοβία-Ζαμπέτα Παπατζήκα,Greek 
Σωζούσα Ξηρίδου,Greek 
Αναστάσιος Κούρτης,Greek 
Χάρις Καλιάμπος,Greek 
Δημήτριος Τσιαντάς,Greek 
Γιασεμή Δαυίδ,Greek 
Νεόφυτος Πολυχρονόπουλος,Greek 
Στυλιανός Βιολάτος,Greek 
Ερωτόκριτος Λουπασάκης,Greek 
Ερμής-Φωκίων Σουρμπής,Greek 
Πανταζής Γάτος,Greek 
Σαμουήλ Κερασοβίτης,Greek 
Σωφρονία Σαρρή,Greek 
Αντίγονος Τζαλλας,Greek 
Ελέσσα Μπιμπίκα,Greek 
Θέκλα-Ήρα Χατζηφώτη,Greek 
Υβόννη Τσώνη,Greek 
Πανδώρα Λιολιοπούλου,Greek 
Αγγελής Ταμιωλάκης,Greek 
Κορνήλιος Γρετός,Greek 
Αντίπατρος Δακαναλής,Greek 
Ηώ Βαρουτίδου,Greek 
Αυγέρης Καρακάξης,Greek 
Κοσμάς Συρρής,Greek 
Ολύμπια Κοκκίνου,Greek 
Αφροδίτη-Τρισεύγενη Σταυρίδου,Greek 
Μαγδαληνή Γαλάνη,Greek 
Λεώνη Ματεντσίδου,Greek 
Σουμέλα Μιχελακάκη,Greek 
Λέανδρος Μηλιώρης,Greek 
Κωστούλα-Αηδόνα Κοφινάκη,Greek 
Τσαμπίκα Κατσούλα,Greek 
Νικόδημος Μάργαρης,Greek 
Κυδωνία Κοντού,Greek 
Λαυρέντιος Ντουλιάς,Greek 
Νικόδημος Γιαννακόπουλος,Greek 
Περικλής Ιακωβάκης,Greek 
Σεβαστιανή Τσιωλξ,Greek 
Δωροθέα Καραμανλή,Greek 
Αριστομένης Δάρας,Greek 
Μένανδρος Βακαλής,Greek 
Μεγακλής Χριστάρας,Greek 
Βενιαμίν Μπαντές,Greek 
Σεμίνα Ροδίτου,Greek 
Γεωργία Παπανδρικοπούλου,Greek 
Κασσιανή Δρίβα,Greek 
Λεωνίδας Κωστάκης,Greek 
Κωνσταντίνα Καμινάρη,Greek 
Χρυσάνθη Μηλιάδου,Greek 
Λάζαρος Ραγκούσης,Greek 
Αμβρόσιος Σκρίμπας,Greek 
Ιπποκράτης-Συμεών Σφύρλας,Greek 
Αμαλία Δαρδιώτη,Greek 
Αριστέα Τρίκα,Greek 
Ροδιά-Φερενίκη Χατζηφώτη,Greek 
Αστέρω-Αλεξία Παπαχρήστου,Greek 
Φρειδερίκος Παντζέκος,Greek 
Πούλια Κουφάκη,Greek 
Θαλασσινή Βαΐου,Greek 
Ηλίας Περάκης,Greek 
Σαράντης Τσιρώνης,Greek 
Αριστομένης-Βενιαμίν Μαργαρώνης,Greek 
Βενέτιος Κομπολιάς,Greek 
Κερασιά Τόγια,Greek 
Ηλέκτρα Αραπάκη,Greek 
Αθηνά Ρόγγα,Greek 
Ίκαρος Ραδοβάλης,Greek 
Ισαάκ-Ανδροκλής Γκιολδελής,Greek 
Βενετία Σπανίδου,Greek 
Αντίγονος Κωστούλας,Greek 
Ροδιά-Χαρά Βασιλάκη,Greek 
Αικατερίνη Παππά,Greek 
Κλεάνθης Πιάγκος,Greek 
Διαλεκτή-Φεβρωνία Παπανώτα,Greek 
Αστέριος Κουλίδης,Greek 
Κωνσταντία Τσιωλξ,Greek 
Αντύπας Δημόπουλος,Greek 
Δημοσθένης Κανελλόπουλος,Greek 
Γερακίνα Παντίσκα,Greek 
Μαγδαληνός-Θεοχάρης Χουλιάρας,Greek 
Αγαπητός Σκρίμπας,Greek 
Ασημάκης Κουτσογιάννης,Greek 
Ιερώνυμος Ζαραφέτας,Greek 
Θέμης-Αθηνόδωρος Δρακάκης,Greek 
Βερονίκη Φίλκα,Greek 
Αυγή Σκούμπρου,Greek 
Κωνσταντίνος Κωτσικόρης,Greek 
Αστέρω-Αθηνοδώρα Καρολίδου,Greek 
Φίλιππος Τσαμαδός,Greek 
Θρασύβουλος Αργυρίου,Greek 
Ισαβέλλα Ραυτοπούλου,Greek 
Αλκιβιάδης Χαραλάμπους,Greek 
Αγάθη Αρχάκη,Greek 
Σταύρος Γκίνης,Greek 
Ζηναϊς Ζώη,Greek 
Δανάη Γεωργαρά,Greek 
Ευσέβιος Βασιλογιάννης,Greek 
Γιάννης Κραββαρίτης,Greek 
Καλλίνικη Πισκοπάνη,Greek 
Συμεών Γεωργούλας,Greek 
Γαρύφαλλος-Ξενοφών Καρυπίδης,Greek 
Σταύρος Σαλταούρας,Greek 
Στεφανία Δανδανίδου,Greek 
Ειρηναίος-Ζαχαρίας Αγγελίκας,Greek 
Ραλλία Βαρσάμου,Greek 
Τριανταφυλλιά-Αχιλλεία Βασιλάκη,Greek 
Πούλια Παυλή,Greek 
Θεόκλητος Σαραντινός,Greek 
Σπυριδούλα Χορτάτου,Greek 
Μάρκος Στραβοσνίχης,Greek 
Βαλεντίνα-Κωνσταντίνα Παπακωνσταντίνου,Greek 
Ολύμπια-Φεβρωνία Ανεζάκη,Greek 
Λητώ Καρκαλέτση,Greek 
Αγγελική Ρόγγα,Greek 
Σεβαστή Πετσιά,Greek 
Πανορμίτης Πετρογιάννης,Greek 
Χαραλαμπία Σταύρου,Greek 
Ευμένιος Λιούτας,Greek 
Δαβιδούλα Κουρλού,Greek 
Δούκισσα-Θάλεια Παπανικολάου,Greek 
Ινώ Χαλαντζούκα,Greek 
Ευδοκία Παπουτσοπούλου,Greek 
Ελευθέριος Ραφιός,Greek 
Αδάμ Κρεμμύδας,Greek 
Λάσκαρης Κωτσικόρης,Greek 
Κυπαρισσία-Ουρανία Σιούτα,Greek 
Χαρίτος Πολυζωάκης,Greek 
Προδρομία Σκοτάδη,Greek 
Ιουλιανός Κοττίκας,Greek 
Ιγνάτιος-Σωτήρης Μωραΐτης,Greek 
Αγαθάγγελος Διακάκης,Greek 
Παντελία Μαλίμη,Greek 
Ευτυχία Μαρουγιάννη,Greek 
Ευδόξιος Γιωτάκης,Greek 
Γενοβέφα Κουζουλά,Greek 
Θέκλα Ευαγγελάκη,Greek 
Λαυρέντιος Γκαλίου,Greek 
Τσαμπίκος Χαρισιάδης,Greek 
Υπαπαντή Καραμάνη,Greek 
Θεοδούλη Καπνιά,Greek 
Ιάσονας Κατσαμάνης,Greek 
Τίτος Φιλιππάκης,Greek 
Ανθούλα-Φιλιώ Αποστολάκη,Greek 
Δημοκράτης Πετριτάκης,Greek 
Γκίκας Μάστορας,Greek 
Αθηνοδώρα Ζαχαριουδάκη,Greek 
Θεοχαρούλα Δημακογιάννη,Greek 
Πολυζώης-Λογοθέτης Μανιώτης,Greek 
Μιλτιάδης Μπούσιος,Greek 
Λαζαρία Ρόκκα,Greek 
Εριέτα Μαράκη,Greek 
Διδώ Δραμουντάνη,Greek 
Ρωμανός-Λάμπρος Νέλος,Greek 
Ισιδώρα Κασμιρλή,Greek 
Μαύρος Μπότης,Greek 
Δίκαιος Ανδρουλάκης,Greek 
Νικόδημος Κιοσές,Greek 
Αριστοφάνης Σκουλαρίδης,Greek 
Ζησούλα Δερλώπα,Greek 
Νικόλαος Μπραζιώτης,Greek 
Πραξιτέλης Νικουλής,Greek 
Φωκάς Κωνσταντάς,Greek 
Ζαφείριος-Όμηρος Γκάγκας,Greek 
Αργυρώ Αγγελουσοπούλου,Greek 
Θέμης Γκούσκος,Greek 
Βαλέριος Ανδριανός,Greek 
Μιχαέλα Ψυρρή,Greek 
Γαληνός Χουλιάρας,Greek 
Βάιος Ζιάκας,Greek 
Θεανώ Κυρκούδη,Greek 
Ρίζος Μπαγανάς,Greek 
Μαρτίνος Παντζέκος,Greek 
Ζαφείρης Κελλάρης,Greek 
Αγάθη Πάντζιου,Greek 
Φαίδων Σταμάτης,Greek 
Ευδοξία Τσιομπάνη,Greek 
Κυπριανή Εμμανουήλ,Greek 
Λασκαρίνα Κυρκούδη,Greek 
Ναταλία Λιναρδάκη,Greek 
Φανούριος Σμαρδάς,Greek 
Φίλιππος Κυριαζής,Greek 
Νικόδημος Γουργουλής,Greek 
Συμέλα Παπανώτα,Greek 
Σεβαστιανή Δάφνη,Greek 
Κασσάνδρα Δρυμαλίτου,Greek 
Ματθαίος Κωστούλας,Greek 
Παντελής Καραντζόπουλος,Greek 
Πολυχρόνιος-Άγγελος Μαντάς,Greek 
Βενιζέλος Κυπριώτης,Greek 
Πυθαγόρας Καψάλης,Greek 
Λυδία Κετεσίδου,Greek 
Μαριάνθη Λουμπούτσκου,Greek 
Πάτροκλος Μάστορας,Greek 
Αστέρω-Ελεονόρα Αγγελάκη,Greek 
Κοσμάς-Παντελής Κατσίφος,Greek 
Ευφροσύνη Παυλή,Greek 
Πανορμίτης Χρονόπουλος,Greek 
Κυπριανός Τσεντούρος,Greek 
Θεοδότη Μαρκαντωνάκη,Greek 
Διομήδης-Πασχάλης Τζιάβας,Greek 
Αφέντης-Τίτος Παπαδόπουλος,Greek 
Νεφέλη Παπατζήκα,Greek 
Ερασμία Πουλή,Greek 
Κίμων Παπαγιαννακόπουλος,Greek 
Πλούταρχος-Ροδόφλος Δουβρόπουλος,Greek 
Ηλίας Κυργιάκης,Greek 
Νεκταρία Καρβέλη,Greek 
Ζηναϊς-Λουκία Λεπίδα,Greek 
Πανωραία Παλαιολογοπούλου,Greek 
Χριστιάνα Λυμαξή,Greek 
Ελισάβετ-Κλημεντίνη Παυλίδου,Greek 
Νομική Μανιάτη,Greek 
Φραντζέσκα Μαργαριτάκη,Greek 
Κυδωνία Βαρσάμου,Greek 
Οδυσσεύς Δάρας,Greek 
Ηρακλής Γκιολδελής,Greek 
Χρυσοβαλάντω Δημητρίου,Greek 
Έκτορας Φανουργάκης,Greek 
Πολύδωρος Καλιάμπος,Greek 
Αποστολία Πέττα,Greek 
Ρωμανός Φειδερόπουλος,Greek 
Αλκμήνη Δημοπούλου,Greek 
Κωνσταντία Λέκκα,Greek 
Βαλέρια Τσικνή,Greek 
Ισαάκ Γκότσης,Greek 
Δαμασκηνός Σεφέκος,Greek 
Ορφέας Αντωνίου,Greek 
Μαγδαληνή Κυργιά,Greek 
Πολύδωρος Ισάρης,Greek 
Βαρθολομαίος Πισχινάς,Greek 
Χρυσοβαλάντιος Βασιλείου,Greek 
Αμφιθέα Παλιεράκη,Greek 
Κορνηλία Αρσενάκη,Greek 
Χρυσοβαλάντω Λαλαούνη,Greek 
Σελήνη Σκούμπρου,Greek 
Δημοκράτης-Ταξίαρχος Τσεμπερλίδης,Greek 
Αίας Γάτος,Greek 
Μαλαματένια Κασμιρλή,Greek 
Ιγνατία Χανταμπή,Greek 
Βενιζέλος Πουλημένος,Greek 
Τριαντάφυλλη Παπαδοπούλου,Greek 
Αλεξάνδρα-Θεοφανία Βουλγαρίδου,Greek 
Απόλλων Καπετάνιος,Greek 
Ρηγούλα Τζιωρτζή,Greek 
Μαγδαληνή Σκρεμμύδα,Greek 
Σωτήριος Λάτσκος,Greek 
Πολυχρόνιος Μυσιρλής,Greek 
Θεόδωρος Ότσος,Greek 
Μαλβίνα Νώε,Greek 
Στέλλα Σταύρου,Greek 
Θεοχάρης Μάστορας,Greek 
Βρασίδας Σκορδάκης,Greek 
Ερμόλαος Νικουλής,Greek 
Λυγερή Καρανασίου,Greek 
Ευλαμπία Σταμούλη,Greek 
Χάρη Δημοπούλου,Greek 
Φιλίππα-Ζησούλα Κωτούλα,Greek 
Νίκανδρος Παλλάς,Greek 
Ηλίας Μεϊμάρης,Greek 
Ιορδανία Παπατζήκα,Greek 
Κλεομένης Τυράλης,Greek 
Υακίνθη Ζεγλίνα,Greek 
Ερωτόκριτος Στοφοριάδης,Greek 
Κλήμης Μαντζουράνης,Greek 
Αντώνιος-Θησεύς Μεταξάς,Greek 
Πολύδωρος Τσώτσης,Greek 
Ζαχαρούλα Στεφάνου,Greek 
Μαυρούδης Πολυζωάκης,Greek 
Σουμέλα-Θεοφανία Τσετσέρη,Greek 
Βασιλεία Δαματοπούλου,Greek 
Άρτεμις Θεοδοσιάδου,Greek 
Μιλτιάδης-Αντύπας Κεσεμίδης,Greek 
Εφραίμ Καπούνης,Greek 
Αντίπατρος Σακελλαρίου,Greek 
Χλόη Κατσούλα,Greek 
Μικές Χονδρολίδης,Greek 
Θουκυδίδης Ντόκος,Greek 
Ρωξάνη Γρηγορίου,Greek 
Ασημής Πετρογιάννης,Greek 
Ιορδάνης Ταχτσίδης,Greek 
Λεωνιδιά Διοπούλου,Greek 
Ελευθέριος Αμυγδαλάκης,Greek 
Αριστείδης Καραδήμος,Greek 
Κυράτσα-Χρυσαφένια Βαζούρα,Greek 
Ζησούλα-Γεσθημανή Σταθά,Greek 
Μαριάνθη Μεξή,Greek 
Ιουλία Μπατσάκη,Greek 
Σέργιος Καρανικόλας,Greek 
Ανέστης Ψάλτης,Greek 
Ευτύχιος Πατελής,Greek 
Ερμόλαος-Ρωμανός Σαλίχος,Greek 
Ηρόδοτος Ανδριόπουλος,Greek 
Ζαμπία Τόμπρη,Greek 
Γιώργος-Ιερώνυμος Καστάνης,Greek 
Θεόφιλος Χατζησταυράκης,Greek 
Ξανθός Τσούπρας,Greek 
Σέργιος Αγκυρόπουλος,Greek 
Χριστοφόρα Βαμβουκάκη,Greek 
Θεόκλητος Ευαγγελάτος,Greek 
Ματρώνη Κεσκίνη,Greek 
Ευστράτιος Κακοσαίος,Greek 
Εριφύλη Καλέμη,Greek 
Αφέντης Τσακμάκης,Greek 
Ερμής Κατσίπης,Greek 
Ελεονόρα Μακρή,Greek 
Συμέλα Γεωργουλάκη,Greek 
Κώστας Ακαλίδης,Greek 
Ελισσαίος Ταβερναράκης,Greek 
Τίτος Σακελλαρίου,Greek 
Λουδοβίκος Γκούβελος,Greek 
Αδάμ Κεχαγιάς,Greek 
Διογένης Πορίχης,Greek 
Ευαγγελία Δώρη,Greek 
Αντίγονος Μασόπουλος,Greek 
Βελισσάριος Τσιάρας,Greek 
Αλκινόη Σπανοχριστοδούλου,Greek 
Θεοδόσης-Ανθούλης Γεωργούδης,Greek 
Ανάργυρος Χαρμπίλας,Greek 
Κώστας Κατάκης,Greek 
Ιωάννης Περδίκης,Greek 
Όθων Δουλγεράκης,Greek 
Νεοκλής Λεμονής,Greek 
Πελαγία Σακελλαρίου,Greek 
Διομήδης Κουλίδης,Greek 
Αφέντης Μαστρογιάννης,Greek 
Αλέξιος Πετράκης,Greek 
Αντίπατρος Βουτσελας,Greek 
Ιωάννης Παππάς,Greek 
Μαγδαληνή Μήτσου,Greek 
Κομνηνός Μπερμπατιώτης,Greek 
Κύρος Περδικάκης,Greek 
Αιμίλιος Μπουλούκος,Greek 
Μένανδρος Τζιώτζης,Greek 
Χρυσή Τζιγκούρα,Greek 
Αργυρούλα Χονδρούδη,Greek 
Παρέσσα-Φλωρεντία Σπυριδάκη,Greek 
Γαλάτιος Τσιαμίτας,Greek 
Αίας Λαγοπάτης,Greek 
Θεόκλεια-Λητώ Χριστοπούλου,Greek 
Ανδροκλής Μαυρογονάτος,Greek 
Ελπίς Γεωργιάδου,Greek 
Ερασμία Ζιάρα,Greek 
Βάιος Ρόδης,Greek 
Βικτωρία Καχριμανίδη,Greek 
Ρέα Καραογλάνη,Greek 
Δομήνικος Βάσσης,Greek 
Θεοφύλακτος Νούσης,Greek 
Λαυρέντιος Βαβουλίδης,Greek 
Λάζαρος Κωστάκης,Greek 
Ανάργυρος-Δρόσος Αλεξανδρόπουλος,Greek 
Θάλεια Μπαλαμπάνη,Greek 
Φλωρεντία Μπεσύρη,Greek 
Λασκαρίνα Κωτσιονοπούλου,Greek 
Δαβιδούλα-Αλκμήνη Μάντου,Greek 
Πολυνίκη Καράμπη,Greek 
Αφέντης Σαμακίδης,Greek 
Ασημής Βαβουλίδης,Greek 
Χαραλαμπία-Φιλιώ Χωριανοπούλου,Greek 
Timothy Moses,American 
Anna Barajas,American 
James Caldwell,American 
Mr. Michael Cole,American 
Jeffrey Collier,American 
Nancy Johns,American 
Julia Crosby,American 
Megan Hernandez,American 
Dominic Campbell,American 
William Cooper,American 
Dustin Webb,American 
Marissa Gilbert,American 
Chelsea Lindsey,American 
Desiree Rivera,American 
Richard Wyatt,American 
Daniel Howe,American 
Crystal Johnson,American 
Anthony Lee,American 
Stephen Garcia,American 
Sabrina Brown,American 
Todd Bowman,American 
Debra Gilmore,American 
Alexander Harris,American 
Raymond Cohen,American 
Elaine Bryant,American 
Jose Thompson,American 
Jason Stewart,American 
Stephanie Perkins,American 
Wayne Smith,American 
Sandra Warren,American 
William Frederick Jr.,American 
Tanya Duncan,American 
George Gilbert,American 
Julia Miles,American 
Allison Mckay,American 
Phillip Melton,American 
Michael Long,American 
Derrick Barnes,American 
Eric Brooks,American 
Joshua Johnson,American 
Tammy Ingram,American 
William Yates,American 
Kevin Dunn,American 
Jessica Collier,American 
Brenda Mitchell,American 
Wesley Daniel,American 
Jeff Smith,American 
Kim Parsons,American 
Patrick Swanson,American 
Jessica Mcintyre,American 
Joseph Davis,American 
Lori Cole,American 
Kelly Smith,American 
Larry Cervantes,American 
Tiffany Hayden,American 
Phillip Marquez,American 
David Smith,American 
Hunter Edwards,American 
Jerry Raymond,American 
Kaylee Craig,American 
William Perez,American 
Linda Nunez,American 
Amanda Clark,American 
Jamie Garcia,American 
Tonya Wilcox,American 
Abigail Bishop,American 
Olivia Fuller,American 
Edward Schneider,American 
Bradley Cabrera,American 
Tiffany Trevino,American 
Kyle Ashley,American 
Caitlin Welch,American 
Zachary Stewart,American 
Cheryl Joseph,American 
Cynthia Sharp,American 
Morgan Morgan,American 
Mrs. Shannon Duran,American 
Maureen Hanna,American 
Jennifer Harrell,American 
Steven Dixon,American 
Jamie Martinez,American 
Donna Ruiz,American 
Angela Brooks,American 
Hailey Dawson,American 
Mrs. Teresa Gordon DVM,American 
Thomas Greer,American 
Jeremy Davis,American 
Marco Young,American 
Tonya Chavez,American 
Jeffrey Ortiz,American 
Edward Walker,American 
Jason Pollard,American 
Kristine Rice,American 
Annette Woodard,American 
Brian Washington,American 
Joshua Fowler,American 
David Frazier,American 
Katherine Abbott,American 
Ashley Gonzalez,American 
Cynthia Gilbert,American 
Richard Palmer,American 
Austin Crosby,American 
Michael Harris,American 
Todd Lawrence,American 
Tanya Miller,American 
Dr. Judy Johnson,American 
Alexis Reed,American 
David Brown,American 
Suzanne Montoya,American 
Erica Murphy,American 
Nathan Martinez,American 
Rachel Moore,American 
Brittany Murray,American 
Brittany Golden,American 
Jo Hahn,American 
Sara Murphy,American 
Katherine Cobb,American 
James Hall,American 
Danielle Hoffman,American 
Tara Chavez,American 
Jason Ryan,American 
Jennifer Keller,American 
Jason Cobb,American 
Miranda Ford,American 
Austin Ryan,American 
Joseph Stafford,American 
Ernest Brooks,American 
Christopher Harris,American 
Edward Ramirez,American 
Taylor Robinson,American 
Heather Rodriguez,American 
Lauren Fleming,American 
Vicki Richardson,American 
Carrie Perez,American 
Amanda Lamb,American 
Patrick Salazar,American 
Henry Cardenas,American 
Terry Reed,American 
Kevin Johnson,American 
Dr. Dan Gibbs,American 
Tanya Weber,American 
Angela Farmer,American 
Tara Marshall,American 
Glen Norton,American 
Eugene Fox,American 
Daniel King,American 
Paula Garcia,American 
Angel James,American 
Michael Brown,American 
Larry Matthews,American 
Debra Lewis,American 
Robert Chang,American 
Timothy Banks,American 
Teresa Johnson MD,American 
Alicia Clements,American 
Keith Anderson,American 
Julie Ramsey,American 
Craig Anderson,American 
Anthony Ortiz,American 
Brandon Riley,American 
Allen Obrien,American 
Robert Harrison,American 
Ronald Lawrence,American 
Thomas Evans,American 
Andrew Phillips,American 
Amber Horn,American 
Alison Sims,American 
Spencer Garcia,American 
Michael Shaffer,American 
Jessica Simmons,American 
Melissa Quinn,American 
Dorothy Riley,American 
Matthew Martin,American 
Stacy Alexander,American 
Mr. John Johnson,American 
Tyler Hill,American 
Pamela Miles,American 
Christopher Rodriguez,American 
Kevin Garcia,American 
Craig Farmer,American 
Phillip Parrish,American 
Lauren Romero,American 
Samuel Lester,American 
Michael Evans,American 
Joseph Deleon,American 
Shannon Williams,American 
Kevin Frey,American 
Kevin Lopez,American 
Michael Hodges,American 
Susan Harrison,American 
Patricia Jackson,American 
Levi Hanna,American 
Michelle Murphy,American 
Sean Johnson,American 
Michael Tucker,American 
Laurie Peterson,American 
Melissa Dickson,American 
Susan David,American 
Cheryl Rojas,American 
Alexis Barnes,American 
Chelsea Gibson,American 
Sarah Cox,American 
David Erickson,American 
Grant Jones,American 
James Park,American 
John Walker,American 
Sarah Boyer,American 
Debra Bailey,American 
Susan Wells,American 
Wendy Hatfield,American 
Peter Taylor DVM,American 
Keith Carlson,American 
Jordan Thompson,American 
Erica Gomez,American 
Latoya Graham,American 
Jenna Grant,American 
Kelly Cummings,American 
Roger Jones,American 
Jennifer Cervantes,American 
Laura Thornton,American 
Mr. Edward Novak,American 
Michael Hoover,American 
Robert Pope,American 
Brenda Butler DDS,American 
Donald Mccarty,American 
Scott Snow,American 
Catherine Lyons,American 
Hannah Duarte,American 
Jennifer Soto,American 
Matthew Lopez,American 
Terri White,American 
Jessica Hernandez,American 
Crystal Vega,American 
Rachel Wright,American 
Donald Cantu,American 
Aaron Ware,American 
Robert Gonzalez,American 
Helen Hernandez,American 
Joseph Gonzales,American 
Laura Blair,American 
Ivan Kent,American 
Rickey Fuentes,American 
Kevin Johnson,American 
Sandra Frye,American 
Austin Dixon,American 
Alexis Pittman,American 
Isaac Wright,American 
Nicole Williams PhD,American 
Frank Wilson,American 
Ashley Wilson,American 
Cathy Moore,American 
Mrs. Jessica Stone MD,American 
Stephanie Guerra,American 
Deborah Kim,American 
Brian Bishop,American 
Jessica Porter,American 
Cynthia Chang,American 
Andrew Stein,American 
Jeremy Copeland,American 
Tony Love,American 
Diana Todd,American 
Stacy Fowler,American 
Audrey Brady,American 
Stephen Stevens,American 
Christopher Downs,American 
Douglas Fox,American 
Aaron Murphy,American 
Donna Harper,American 
Justin Ford,American 
Gregory Sanders,American 
Natalie Walker,American 
Tyler Murillo,American 
Omar Garrett,American 
Kevin Martin,American 
Meredith Smith,American 
Diane Arnold,American 
Cameron Watson,American 
Robert Powell,American 
Collin Davis,American 
Brandon Hester,American 
Sharon Ward,American 
Christopher Fletcher,American 
Tony Hamilton,American 
Rebekah Thornton,American 
Beth Wright,American 
David Flowers DVM,American 
Rachael Simpson,American 
Heather Martin,American 
Kelli Dunn,American 
Lauren Johnson,American 
Susan Martinez,American 
Tiffany Edwards,American 
Evan Lopez,American 
Melissa Owens DDS,American 
Deanna Stanley,American 
Kevin Campbell,American 
Robert Johnson,American 
Jeffrey Webb,American 
Richard Alvarez,American 
Edwin Williams,American 
Helen Carpenter,American 
Kathryn Horne,American 
Victoria Randall,American 
Nicholas Smith,American 
Michael Johnson,American 
Emily Horton,American 
Erin Wilson,American 
Ricky Bruce,American 
Kayla Johnson,American 
Cynthia Wolfe,American 
Derrick Caldwell,American 
Bradley Taylor,American 
Mr. Bradley Chang,American 
Joshua Blackwell,American 
William Stewart,American 
Alexis Garcia,American 
Melanie Gill,American 
Edward Odonnell,American 
Ryan Hess,American 
Michelle Crosby,American 
Kenneth Craig,American 
Dan White,American 
Mrs. Jennifer Fuller,American 
James Smith,American 
Paula Lee,American 
Kenneth Morris,American 
Stephanie Perry,American 
Jerry Armstrong,American 
Eric Dunlap,American 
Joseph Garza,American 
Jacqueline Parks,American 
Robert Giles,American 
Betty Franklin,American 
Samantha Barton,American 
Nancy Huff,American 
Emily Martin,American 
Destiny Baker,American 
Erica Swanson,American 
Timothy Rollins,American 
Haley Moore,American 
Juan Middleton,American 
Ronald Moore,American 
Geoffrey Stewart,American 
William Nguyen,American 
Marie Lester,American 
Melissa Brown,American 
Richard Gardner,American 
Jonathan Hess,American 
Erik Ramos,American 
Ethan Cabrera,American 
Amanda Bates,American 
Jasmine Gibson,American 
Christie Scott,American 
Mrs. Valerie West,American 
Nicole Richardson,American 
Arthur Rivera,American 
Ethan Long,American 
Steven Murphy,American 
Timothy Rodriguez,American 
Emily Hendricks,American 
John Curtis,American 
Donald Hudson,American 
Zachary Howard,American 
Jill Blanchard,American 
Joshua Holt,American 
Joseph Smith,American 
Rebecca Vance,American 
Whitney Green,American 
Elizabeth Mitchell,American 
Jacqueline Hall,American 
Shawn Cummings,American 
Sarah King,American 
Jennifer Miller,American 
Michael Jones,American 
Brad Cruz,American 
Ruth Valencia,American 
Steven Marshall,American 
Elizabeth Miller,American 
Jeremiah Butler,American 
Nathaniel Rose,American 
Brenda Hood,American 
Mark Mahoney,American 
Zachary Vega,American 
Gerald Gray MD,American 
Barry Martinez,American 
Francis Lane,American 
Jennifer Jones,American 
Anthony Miller,American 
Mr. Matthew Fields,American 
Charles Stokes,American 
Rodney Dickson,American 
Eric Hernandez,American 
Christopher Harris,American 
John Thompson,American 
Chelsey Sutton MD,American 
Madison Blanchard,American 
Dr. Nicole Smith MD,American 
Andrew Elliott,American 
Sarah Ortega,American 
Mr. Luis Bailey,American 
Clinton Williams,American 
Michael Rogers,American 
Marc Smith,American 
Marissa Jones,American 
Thomas Blankenship,American 
Lucas Davis,American 
James Mckay,American 
Joseph Cordova,American 
Regina Macias,American 
Daniel Marks,American 
Matthew Garcia,American 
Holly Hardy,American 
Megan Stewart,American 
Tonya Bryant,American 
Brian Williams,American 
Pamela Smith,American 
Jillian Johnson,American 
Karen Patel,American 
Joseph Weiss,American 
Jennifer Boyle,American 
Amy Osborn,American 
Leah Harper,American 
Christopher Rollins,American 
Michael Freeman,American 
Ethan Davis,American 
Sara Harmon,American 
Joseph Ware,American 
Beverly Glenn,American 
David Lawrence,American 
Cameron Townsend,American 
Benjamin Lucas,American 
Troy Morris,American 
Keith Avery,American 
William Bryant,American 
Gina Newman,American 
Ana Rios,American 
Michelle Nelson,American 
Jimmy Schmidt,American 
Joseph English,American 
Alexander Hernandez,American 
Veronica Glover,American 
Ashley Brown,American 
Monica Cochran,American 
Tiffany Vincent,American 
Samantha Rodriguez,American 
Douglas Murphy MD,American 
Emily Miller,American 
Gary Carter,American 
Brian Smith,American 
Andrew Meyer,American 
Hannah Rodriguez,American 
Carly Mitchell,American 
Garrett Guerrero,American 
Richard Good,American 
Lindsey Thornton,American 
Tammy Rogers,American 
Anthony Brewer,American 
Eric Wilson,American 
Jimmy Jackson,American 
Kelli Brock DDS,American 
David Williams,American 
Jason Brock,American 
Daniel Frazier,American 
Adam Medina,American 
Megan Guerrero,American 
Tanya Richardson,American 
Nancy Luna,American 
Amy Johnson,American 
Michael Huerta,American 
Craig Klein,American 
Dennis Lamb,American 
Connor Gilbert,American 
Jessica Williams,American 
Joseph Gordon,American 
Alexander Huffman,American 
Christine Chase,American 
Kathy Fletcher,American 
Sarah Harris,American 
Anna Vang,American 
Haley Johnson,American 
Gregory Gentry,American 
Danielle Moore,American 
Shannon Holmes,American 
Todd Thomas,American 
Michael Tran,American 
Andrew Schmitt,American 
Hannah Griffin,American 
Emily James,American 
Brittany Lloyd,American 
Jennifer Johnson,American 
Kayla Miller,American 
Angela Manning,American 
Christine Herring,American 
Helen Pearson,American 
Jennifer Terrell,American 
Gerald Potts,American 
David Rodriguez,American 
Jose Nielsen,American 
Sherri Cardenas,American 
Aaron Smith,American 
Mary Braun,American 
Jim Torres,American 
Luke Brewer,American 
Kendra Hall,American 
David Castillo,American 
Karen Wiley DDS,American 
Mrs. Laura Schneider,American 
Kathy Hughes,American 
Eric Goodwin,American 
Jose Johnson,American 
Brendan Wu,American 
Kristy Brown,American 
Brandon Williams,American 
Michael Ross,American 
Max Jennings,American 
Benjamin Snyder,American 
Rebecca Johnson,American 
Peter Jones,American 
Mr. Steven Morrow,American 
Peter Hill,American 
Brenda Jefferson,American 
Jeff Key,American 
Michael Weaver,American 
Tammy Henry,American 
Laura Duncan,American 
Vanessa Roberts,American 
Nicholas Hale,American 
Taylor Martin,American 
Alicia King,American 
Kevin Wright,American 
Jeremy Johnson,American 
Monica Spears,American 
John Hernandez,American 
Chelsea Wall,American 
David Campbell,American 
Natalie Jenkins,American 
Angelica Deleon,American 
Alexandra Randolph,American 
Matthew Liu,American 
Christopher Horton,American 
Denise Reeves,American 
Kristen Cole,American 
Martin Nichols,American 
Elizabeth Norton,American 
Darrell Norton,American 
Julia Woods,American 
Dawn Thomas,American 
Scott Dean,American 
Angela Moore,American 
Bonnie Vasquez,American 
Jose Hernandez,American 
Megan Little,American 
Dr. Thomas Juarez,American 
Dennis Beard,American 
Jacob Bond,American 
Jessica Cook,American 
Laura Collins,American 
Leslie Cisneros,American 
Kelly Hall,American 
Meagan Brady,American 
Andrew Young,American 
John Thomas,American 
Paul Evans,American 
Brandon Watkins,American 
Amanda Houston,American 
Molly Rangel,American 
Jon Nunez,American 
Morgan Smith,American 
Derek Parker,American 
William George,American 
Elizabeth Briggs,American 
George Mason,American 
Larry Kirk,American 
Nathan Griffin,American 
Matthew Miller,American 
Jordan Fox,American 
Julie Campbell,American 
Marissa George,American 
Sonya White PhD,American 
Charles Rich,American 
Mallory Manning,American 
Cory Allen,American 
Savannah Jones,American 
Kevin Ward,American 
Benjamin Francis,American 
Jessica Robertson,American 
Nathaniel Young,American 
Sarah Greene,American 
Jamie Saunders,American 
Matthew Barton,American 
Taylor Gray,American 
Samuel Ponce II,American 
David Moore,American 
Tamara Reese,American 
Kimberly Turner,American 
Sandra Smith,American 
Mark Munoz,American 
Colin Ramirez,American 
Alexis Rice,American 
Tara Hayes,American 
Dr. Terry Jones,American 
Logan Thomas,American 
John Bray,American 
Tammy Merritt,American 
Suzanne Murray,American 
Brenda Baker,American 
Joshua Crosby,American 
Rebecca Evans,American 
Jack Harris,American 
Karen Hernandez,American 
Belinda Velez,American 
David Larsen,American 
Andrea Walton,American 
Diana Fleming,American 
Benjamin Grant,American 
Candice Ellis,American 
Shannon Miller,American 
Heather Johnson,American 
Dean Jones,American 
Mike Gordon,American 
Jenny Jones,American 
Donna Navarro,American 
Omar Blankenship,American 
Angela Butler,American 
Michael Smith,American 
Brandon Richards,American 
Jonathan Erickson,American 
Zachary Foster,American 
Janet Willis,American 
Eric Grimes,American 
Clayton Barton,American 
Cameron Salazar,American 
Phillip Kidd,American 
Tina Young,American 
Nicole Campbell,American 
Bianca Young,American 
Kim Smith,American 
Timothy Nelson,American 
Rachael Dawson,American 
Alyssa Bryan,American 
Patricia Torres,American 
Thomas Davis,American 
Keith Anderson,American 
Dawn Wagner,American 
Mariah Bush,American 
Alan Flores,American 
Jason Gilbert,American 
Susan Romero,American 
Sandra Huff,American 
Sarah Mccarthy,American 
Michael Cooper,American 
Derek Henderson MD,American 
Jack Nichols DDS,American 
Carolyn Payne,American 
Elizabeth Henderson,American 
Charles Schneider,American 
Bryan Moon,American 
Nancy Murray,American 
Scott Roach,American 
Heather Davies,American 
Katherine Carroll,American 
Travis Meyers,American 
Janet Dorsey DVM,American 
Douglas Baldwin,American 
Carrie Carr,American 
Phillip Diaz,American 
Edward Gonzalez,American 
Jerome Miller,American 
Bailey Villanueva,American 
Melissa Bridges,American 
Michelle Taylor,American 
John Weber,American 
Aaron Green,American 
Frank Johnson,American 
Marcus Phillips,American 
Gloria Fischer,American 
Christopher Johnson,American 
Rhonda Peck,American 
Jocelyn Davenport,American 
Ethan Thompson DDS,American 
Debbie Goodwin,American 
Debra Palmer,American 
Ashley Ho,American 
Jennifer Wilson,American 
Christopher Buck,American 
Thomas White,American 
Katie Vincent,American 
Jonathan Miller,American 
John Quinn,American 
Scott Bell,American 
Elizabeth Duffy,American 
Vincent Jimenez,American 
David Hobbs,American 
Amanda Spencer,American 
Timothy Richardson,American 
Jeffery Vargas,American 
Micheal Brown,American 
Scott Williams,American 
William Carter,American 
Debra Meyer,American 
Kathleen Gallagher,American 
Mitchell Reid,American 
Glenn Tran,American 
Victoria Francis,American 
Julie Mccann,American 
Christine Williams,American 
Joseph Cooper,American 
Kathleen Foster,American 
Anthony Hull,American 
Daniel Berry,American 
Rebecca Lucero,American 
Summer Martin,American 
Renee Bush,American 
Tonya Reese,American 
Natalie Miller,American 
Elizabeth Hernandez,American 
Erika Martinez,American 
Raymond Gamble,American 
Joseph Fleming,American 
Ryan King,American 
Kenneth Willis,American 
James Sanchez,American 
Thomas Mccoy,American 
Carrie Spencer,American 
Randy Andrews,American 
Scott Edwards,American 
Wesley Bates,American 
Jackie Black,American 
Gary Baker,American 
Madison Harris,American 
Angela Brooks,American 
Michael Michael,American 
Mike Snow,American 
John Brown,American 
Heather Valentine,American 
Aimee Woods,American 
Samantha Adams,American 
Lisa Weeks,American 
Troy Arroyo,American 
Katherine Johnson,American 
Peter Zuniga,American 
Pamela Todd,American 
Caleb Haney,American 
Robert Booth,American 
Tanya White,American 
Rachel Bailey,American 
Todd Smith,American 
Jennifer Flores,American 
Eugene Saunders,American 
Jesus Burke,American 
Joshua Collins,American 
Jessica James,American 
Linda Johnson,American 
Lori Armstrong,American 
Jeremiah Martinez,American 
Andre Brown,American 
John Phillips,American 
Jodi Yu,American 
Joshua Cortez,American 
Tara Murphy,American 
Mathew Mcdonald,American 
Jeffrey Palmer,American 
Kimberly Ortiz,American 
Chris Mcdaniel,American 
Christopher Avila,American 
Tracy Robinson,American 
Peter Brown,American 
Cory Roberts,American 
Timothy Price,American 
James Flynn,American 
Cynthia Green,American 
Paul Williams,American 
Robin Singleton,American 
Donald Bryant,American 
Susan Walker,American 
Lindsay Shah,American 
Emily Meyer,American 
Charles Morrison,American 
Leon Marshall,American 
Jacob Brown,American 
Jamie Phillips,American 
Victoria Bernard,American 
George Hughes,American 
Andrew Johnson,American 
Lisa Hall,American 
Lori Hall,American 
Jorge Ellis,American 
Jacqueline Estes,American 
David Cooper,American 
Yvonne Gamble,American 
Paula Martin,American 
Thomas Garcia,American 
Richard Powers,American 
Diana Stephenson,American 
Monica Castillo,American 
Brett Holmes,American 
Lucas Rivera,American 
Jacqueline Sanchez,American 
Deanna Villanueva,American 
Justin Roberts,American 
Michael Werner,American 
James Jones,American 
Dr. Rachel Pittman PhD,American 
Barbara Hernandez,American 
Cynthia Garcia,American 
Bryan Strong,American 
Patricia Wade,American 
Mikayla Brown,American 
Kenneth Pennington,American 
Shannon Sullivan,American 
Christopher Price,American 
Andrew Beasley,American 
Tyler Sanchez,American 
Katherine Vargas,American 
Andrew Perry,American 
James Vasquez,American 
Brandon Robinson,American 
Claire Manning,American 
Erin Carey,American 
Kevin Robinson,American 
James Rivera,American 
Danielle Logan,American 
Tom Farrell,American 
Tracey Cox,American 
Brandon Robinson,American 
Dan Henderson,American 
Katherine Chapman,American 
Christopher Sullivan,American 
Andrew Walsh,American 
Shirley Rios,American 
Dr. Jonathan Mcpherson,American 
Samantha Robinson,American 
Kelly Frank,American 
Bryan Alvarez,American 
Paul Jefferson,American 
Cassie Williams,American 
Eric Swanson,American 
Maria Lawrence,American 
Shawn Simpson,American 
Alex Richards,American 
Wanda Gilmore,American 
Dana Brown,American 
Johnathan Chang,American 
Mark Garcia,American 
Gloria Davenport,American 
Patricia Williams,American 
Ryan Randall,American 
Andrea Miller,American 
Barbara Hood,American 
Daniel Chandler,American 
Samuel Martinez,American 
Patricia Johnson,American 
Claudia Green,American 
Marisa Armstrong,American 
Aaron Shah,American 
Jason Hawkins,American 
Adam Brown,American 
James Combs,American 
Pamela Dominguez,American 
Matthew Roberts,American 
Timothy Lewis,American 
Andrea Henry,American 
Mark Johnson,American 
Benjamin Boyd,American 
David Nelson,American 
Jack Nelson,American 
Matthew Rivera,American 
Wendy Cortez,American 
Jennifer King,American 
Stacy Zavala,American 
Sylvia Bell,American 
Alec Marks,American 
Matthew Maxwell,American 
Ashlee Reyes,American 
Lindsay Robinson,American 
Kevin Cameron,American 
Travis Love,American 
Stephanie Rivas,American 
Jamie Macdonald,American 
Cheryl Garcia,American 
Alyssa Ortega,American 
Dana Weaver,American 
Stacy Cook,American 
James Holmes,American 
Michelle Young,American 
Zachary Myers,American 
Ashley Barton,American 
Alexander Hughes,American 
Christopher Sims,American 
Steven Aguilar,American 
John Johnson,American 
Cynthia Hall,American 
Aaron Peterson,American 
Casey White,American 
Jason Kennedy,American 
Mr. Sean Garza,American 
Angela Love MD,American 
Barbara Escobar,American 
Katrina Lozano,American 
Maria Norman,American 
Warren Flores,American 
Sonia Davis,American 
Douglas Paul,American 
John Hardin,American 
Joseph Harrison,American 
Isaac Jennings,American 
Sherry Franklin,American 
Justin Morris,American 
Johnny Paul,American 
Andrea Hubbard,American 
Kimberly Barnett,American 
George Barry,American 
Natalie Martin,American 
Jeremiah Schultz,American 
Richard Hodge,American 
Wanda Davis,American 
Ashley Holloway,American 
Alison Payne,American 
Sara Collins,American 
Michael Peterson,American 
Philip Nichols,American 
Dorothy Murray,American 
Anthony Wiley,American 
Kevin Green,American 
Susan Cook,American 
Heather Cohen,American 
Joel Wolfe,American 
Kayla Hess,American 
Joel Moore,American 
Jonathan Smith,American 
Pamela Salazar,American 
Erica Holmes,American 
Samantha Hughes,American 
Daniel Anderson,American 
Susan Short,American 
Kevin Bell,American 
Alexander Fisher,American 
Ruth Hamilton,American 
Natasha Whitehead,American 
Barbara Matthews,American 
Juan Rodriguez,American 
Kathleen Morrison,American 
Julia Koch,American 
James Johnson,American 
Bailey Harvey,American 
Ethan Warner,American 
Kaitlyn Morris,American 
Amber Rivas,American 
Heather Estrada,American 
Rebecca Wright,American 
Michael Robertson,American 
Dawn Fletcher,American 
James Lopez,American 
Sean Wolfe,American 
Kathy Brown,American 
Peter Clark,American 
Megan Summers,American 
Rebekah Saunders,American 
Susan Ross,American 
Hayley Maldonado,American 
Tamara Johnson,American 
Alyssa Stein,American 
Kathy Russell MD,American 
Judy Dean MD,American 
Chelsea Gregory,American 
Leslie Henderson,American 
Holly Gonzalez,American 
Joel Davis,American 
Adam Mata,American 
Anna Alvarado,American 
Patricia Lewis,American 
Melissa Finley,American 
Thomas Meadows,American 
Hannah Page,American 
Jennifer Johnson,American 
Michaela Bauer,American 
Melissa Powers,American 
Pamela Barnett,American 
Samuel Shepard,American 
Lynn Cochran,American 
Joanna Miller,American 
Catherine Wallace,American 
Michael Patrick,American 
Kenneth Lawson,American 
Courtney Rhodes,American 
Megan Parker MD,American 
Lori Craig,American 
Jacob Wilkerson,American 
Victor Roman,American 
Timothy Mcfarland,American 
Jonathan Rollins,American 
Daniel Hester,American 
Robert Jimenez,American 
Mrs. Patricia Barnett MD,American 
Olivia Ewing,American 
Juan Wilson,American 
James Ramos,American 
Stephanie Rogers,American 
Nicholas Chan MD,American 
Randall Roberts,American 